"日時 実験 1","時間 (s) 実験 1","電流 (A) 実験 1","電圧 (V) 実験 1","電力 (W) 実験 1","温度 (°C) 実験 1"
2026/06/25 17:58:09,0.000,0.000,1.52,0.00,24.2
2026/06/25 17:58:10,1.000,5.299E-4,1.53,8.09E-4,24.2
2026/06/25 17:58:11,2.000,5.299E-4,1.53,8.09E-4,24.2
2026/06/25 17:58:12,3.000,5.299E-4,1.53,8.09E-4,24.2
2026/06/25 17:58:13,4.000,5.299E-4,1.52,8.06E-4,24.2
2026/06/25 17:58:14,5.000,5.299E-4,1.52,8.06E-4,24.2
2026/06/25 17:58:15,6.000,5.299E-4,1.52,8.06E-4,24.2
2026/06/25 17:58:16,7.000,5.299E-4,1.52,8.06E-4,24.2
2026/06/25 17:58:17,8.000,5.299E-4,1.53,8.09E-4,24.2
2026/06/25 17:58:18,9.000,5.299E-4,1.53,8.09E-4,24.2
2026/06/25 17:58:19,10.000,5.299E-4,1.53,8.09E-4,24.2
2026/06/25 17:58:20,11.000,5.299E-4,1.52,8.06E-4,24.2
2026/06/25 17:58:21,12.000,5.299E-4,1.52,8.06E-4,24.2
2026/06/25 17:58:22,13.000,5.299E-4,1.52,8.06E-4,24.2
2026/06/25 17:58:23,14.000,5.299E-4,1.52,8.06E-4,24.2
2026/06/25 17:58:24,15.000,5.299E-4,1.52,8.06E-4,24.2
2026/06/25 17:58:25,16.000,5.299E-4,1.52,8.06E-4,24.2
2026/06/25 17:58:26,17.000,5.299E-4,1.52,8.06E-4,24.2
2026/06/25 17:58:27,18.000,5.299E-4,1.53,8.09E-4,24.2
2026/06/25 17:58:28,19.000,5.299E-4,1.53,8.09E-4,24.2
2026/06/25 17:58:29,20.000,5.299E-4,1.53,8.09E-4,24.2
2026/06/25 17:58:30,21.000,5.299E-4,1.52,8.06E-4,45.1
2026/06/25 17:58:31,22.000,5.299E-4,1.52,8.06E-4,63.8
2026/06/25 17:58:32,23.000,5.299E-4,1.51,8.00E-4,73.2
2026/06/25 17:58:33,24.000,5.299E-4,1.48,7.87E-4,78.4
2026/06/25 17:58:34,25.000,5.299E-4,1.42,7.54E-4,81.5
2026/06/25 17:58:35,26.000,5.299E-4,1.34,7.09E-4,82.7
2026/06/25 17:58:36,27.000,5.299E-4,1.24,6.60E-4,83.1
2026/06/25 17:58:37,28.000,5.299E-4,1.16,6.13E-4,83.2
2026/06/25 17:58:38,29.000,0.000,1.08,0.00,83.2
2026/06/25 17:58:39,30.000,5.299E-4,1.01,5.33E-4,83.2
2026/06/25 17:58:40,31.000,5.299E-4,0.953,5.05E-4,83.2
2026/06/25 17:58:41,32.000,5.299E-4,0.901,4.77E-4,83.0
2026/06/25 17:58:42,33.000,5.299E-4,0.859,4.55E-4,82.5
2026/06/25 17:58:43,34.000,5.299E-4,0.823,4.36E-4,82.1
2026/06/25 17:58:44,35.000,5.299E-4,0.792,4.20E-4,81.7
2026/06/25 17:58:45,36.000,5.299E-4,0.771,4.08E-4,81.3
2026/06/25 17:58:46,37.000,0.000,0.745,0.00,81.0
2026/06/25 17:58:47,38.000,5.299E-4,0.729,3.86E-4,80.7
2026/06/25 17:58:48,39.000,0.000,0.708,0.00,80.6
2026/06/25 17:58:49,40.000,5.299E-4,0.703,3.73E-4,80.0
2026/06/25 17:58:50,41.000,5.299E-4,0.687,3.64E-4,79.1
2026/06/25 17:58:51,42.000,5.299E-4,0.677,3.59E-4,78.3
2026/06/25 17:58:52,43.000,5.299E-4,0.667,3.53E-4,77.8
2026/06/25 17:58:53,44.000,5.299E-4,0.656,3.48E-4,77.3
2026/06/25 17:58:54,45.000,0.000,0.651,0.00,76.8
2026/06/25 17:58:55,46.000,5.299E-4,0.646,3.42E-4,76.4
2026/06/25 17:58:56,47.000,5.299E-4,0.641,3.39E-4,75.8
2026/06/25 17:58:57,48.000,5.299E-4,0.641,3.39E-4,75.4
2026/06/25 17:58:58,49.000,5.299E-4,0.630,3.34E-4,74.9
2026/06/25 17:58:59,50.000,5.299E-4,0.630,3.34E-4,74.5
2026/06/25 17:59:00,51.000,5.299E-4,0.620,3.28E-4,74.1
2026/06/25 17:59:01,52.000,5.299E-4,0.625,3.31E-4,73.6
2026/06/25 17:59:02,53.000,5.299E-4,0.620,3.28E-4,73.2
2026/06/25 17:59:03,54.000,5.299E-4,0.620,3.28E-4,72.8
2026/06/25 17:59:04,55.000,5.299E-4,0.620,3.28E-4,72.4
2026/06/25 17:59:05,56.000,5.299E-4,0.615,3.26E-4,72.0
2026/06/25 17:59:06,57.000,5.299E-4,0.615,3.26E-4,71.5
2026/06/25 17:59:07,58.000,5.299E-4,0.615,3.26E-4,71.1
2026/06/25 17:59:08,59.000,5.299E-4,0.609,3.23E-4,70.7
2026/06/25 17:59:09,60.000,5.299E-4,0.615,3.26E-4,70.3
2026/06/25 17:59:10,61.000,0.000,0.615,0.00,69.9
2026/06/25 17:59:11,62.000,5.299E-4,0.615,3.26E-4,69.6
2026/06/25 17:59:12,63.000,0.000,0.609,0.00,69.2
2026/06/25 17:59:13,64.000,5.299E-4,0.615,3.26E-4,68.8
2026/06/25 17:59:14,65.000,5.299E-4,0.615,3.26E-4,68.4
2026/06/25 17:59:15,66.000,0.000,0.615,0.00,68.1
2026/06/25 17:59:16,67.000,5.299E-4,0.609,3.23E-4,67.7
2026/06/25 17:59:17,68.000,5.299E-4,0.609,3.23E-4,67.4
2026/06/25 17:59:18,69.000,5.299E-4,0.615,3.26E-4,67.1
2026/06/25 17:59:19,70.000,5.299E-4,0.615,3.26E-4,66.7
2026/06/25 17:59:20,71.000,0.000,0.615,0.00,66.4
2026/06/25 17:59:21,72.000,5.299E-4,0.615,3.26E-4,66.1
2026/06/25 17:59:22,73.000,5.299E-4,0.615,3.26E-4,65.8
2026/06/25 17:59:23,74.000,5.299E-4,0.620,3.28E-4,65.4
2026/06/25 17:59:24,75.000,5.299E-4,0.615,3.26E-4,65.0
2026/06/25 17:59:25,76.000,5.299E-4,0.620,3.28E-4,64.7
2026/06/25 17:59:26,77.000,5.299E-4,0.620,3.28E-4,64.5
2026/06/25 17:59:27,78.000,5.299E-4,0.615,3.26E-4,64.2
2026/06/25 17:59:28,79.000,5.299E-4,0.620,3.28E-4,63.9
2026/06/25 17:59:29,80.000,5.299E-4,0.620,3.28E-4,63.6
2026/06/25 17:59:30,81.000,5.299E-4,0.620,3.28E-4,63.4
2026/06/25 17:59:31,82.000,5.299E-4,0.620,3.28E-4,63.1
2026/06/25 17:59:32,83.000,0.000,0.620,0.00,62.8
2026/06/25 17:59:33,84.000,5.299E-4,0.625,3.31E-4,62.6
2026/06/25 17:59:34,85.000,5.299E-4,0.625,3.31E-4,62.3
2026/06/25 17:59:35,86.000,5.299E-4,0.625,3.31E-4,62.0
2026/06/25 17:59:36,87.000,5.299E-4,0.625,3.31E-4,61.7
2026/06/25 17:59:37,88.000,5.299E-4,0.625,3.31E-4,61.5
2026/06/25 17:59:38,89.000,5.299E-4,0.625,3.31E-4,61.2
2026/06/25 17:59:39,90.000,0.000,0.630,0.00,61.0
2026/06/25 17:59:40,91.000,5.299E-4,0.630,3.34E-4,60.8
2026/06/25 17:59:41,92.000,0.000,0.630,0.00,60.6
2026/06/25 17:59:42,93.000,0.000,0.630,0.00,60.3
2026/06/25 17:59:43,94.000,5.299E-4,0.630,3.34E-4,60.1
2026/06/25 17:59:44,95.000,5.299E-4,0.635,3.37E-4,59.9
2026/06/25 17:59:45,96.000,5.299E-4,0.630,3.34E-4,59.7
2026/06/25 17:59:46,97.000,5.299E-4,0.635,3.37E-4,59.4
2026/06/25 17:59:47,98.000,5.299E-4,0.641,3.39E-4,59.2
2026/06/25 17:59:48,99.000,5.299E-4,0.635,3.37E-4,59.0
2026/06/25 17:59:49,100.000,5.299E-4,0.641,3.39E-4,58.8
2026/06/25 17:59:50,101.000,5.299E-4,0.641,3.39E-4,58.6
2026/06/25 17:59:51,102.000,5.299E-4,0.641,3.39E-4,58.4
2026/06/25 17:59:52,103.000,5.299E-4,0.641,3.39E-4,58.2
2026/06/25 17:59:53,104.000,5.299E-4,0.646,3.42E-4,58.0
2026/06/25 17:59:54,105.000,5.299E-4,0.646,3.42E-4,57.9
2026/06/25 17:59:55,106.000,5.299E-4,0.646,3.42E-4,57.7
2026/06/25 17:59:56,107.000,5.299E-4,0.646,3.42E-4,57.5
2026/06/25 17:59:57,108.000,5.299E-4,0.651,3.45E-4,57.3
2026/06/25 17:59:58,109.000,5.299E-4,0.646,3.42E-4,57.1
2026/06/25 17:59:59,110.000,5.299E-4,0.651,3.45E-4,57.0
2026/06/25 18:00:00,111.000,5.299E-4,0.651,3.45E-4,56.7
2026/06/25 18:00:01,112.000,5.299E-4,0.651,3.45E-4,56.6
2026/06/25 18:00:02,113.000,5.299E-4,0.656,3.48E-4,56.4
2026/06/25 18:00:03,114.000,5.299E-4,0.656,3.48E-4,56.3
2026/06/25 18:00:04,115.000,5.299E-4,0.656,3.48E-4,56.1
2026/06/25 18:00:05,116.000,5.299E-4,0.656,3.48E-4,55.9
2026/06/25 18:00:06,117.000,5.299E-4,0.656,3.48E-4,55.8
2026/06/25 18:00:07,118.000,5.299E-4,0.661,3.51E-4,55.6
2026/06/25 18:00:08,119.000,5.299E-4,0.661,3.51E-4,55.5
2026/06/25 18:00:09,120.000,5.299E-4,0.667,3.53E-4,55.4
2026/06/25 18:00:10,121.000,5.299E-4,0.661,3.51E-4,55.2
2026/06/25 18:00:11,122.000,5.299E-4,0.667,3.53E-4,55.1
2026/06/25 18:00:12,123.000,5.299E-4,0.667,3.53E-4,54.9
2026/06/25 18:00:13,124.000,5.299E-4,0.667,3.53E-4,54.8
2026/06/25 18:00:14,125.000,5.299E-4,0.667,3.53E-4,54.6
2026/06/25 18:00:15,126.000,5.299E-4,0.667,3.53E-4,54.5
2026/06/25 18:00:16,127.000,5.299E-4,0.672,3.56E-4,54.3
2026/06/25 18:00:17,128.000,5.299E-4,0.677,3.59E-4,54.2
2026/06/25 18:00:18,129.000,5.299E-4,0.672,3.56E-4,54.1
2026/06/25 18:00:19,130.000,5.299E-4,0.672,3.56E-4,53.9
2026/06/25 18:00:20,131.000,5.299E-4,0.677,3.59E-4,53.8
2026/06/25 18:00:21,132.000,5.299E-4,0.677,3.59E-4,53.7
2026/06/25 18:00:22,133.000,5.299E-4,0.677,3.59E-4,53.6
2026/06/25 18:00:23,134.000,5.299E-4,0.677,3.59E-4,53.5
2026/06/25 18:00:24,135.000,5.299E-4,0.682,3.62E-4,53.4
2026/06/25 18:00:25,136.000,5.299E-4,0.682,3.62E-4,53.2
2026/06/25 18:00:26,137.000,5.299E-4,0.682,3.62E-4,53.1
2026/06/25 18:00:27,138.000,0.000,0.682,0.00,53.0
2026/06/25 18:00:28,139.000,5.299E-4,0.682,3.62E-4,52.9
2026/06/25 18:00:29,140.000,0.000,0.687,0.00,52.8
2026/06/25 18:00:30,141.000,5.299E-4,0.687,3.64E-4,52.7
2026/06/25 18:00:31,142.000,0.000,0.687,0.00,52.6
2026/06/25 18:00:32,143.000,5.299E-4,0.693,3.67E-4,52.5
2026/06/25 18:00:33,144.000,5.299E-4,0.687,3.64E-4,52.4
2026/06/25 18:00:34,145.000,5.299E-4,0.693,3.67E-4,52.3
2026/06/25 18:00:35,146.000,5.299E-4,0.693,3.67E-4,52.2
2026/06/25 18:00:36,147.000,5.299E-4,0.693,3.67E-4,52.0
2026/06/25 18:00:37,148.000,0.000,0.698,0.00,51.9
2026/06/25 18:00:38,149.000,5.299E-4,0.698,3.70E-4,51.9
2026/06/25 18:00:39,150.000,5.299E-4,0.698,3.70E-4,51.8
2026/06/25 18:00:40,151.000,5.299E-4,0.698,3.70E-4,51.7
2026/06/25 18:00:41,152.000,0.000,0.698,0.00,51.6
2026/06/25 18:00:42,153.000,5.299E-4,0.703,3.73E-4,51.5
2026/06/25 18:00:43,154.000,5.299E-4,0.703,3.73E-4,51.4
2026/06/25 18:00:44,155.000,5.299E-4,0.708,3.75E-4,51.3
2026/06/25 18:00:45,156.000,5.299E-4,0.708,3.75E-4,51.2
2026/06/25 18:00:46,157.000,5.299E-4,0.708,3.75E-4,51.1
2026/06/25 18:00:47,158.000,5.299E-4,0.708,3.75E-4,51.0
2026/06/25 18:00:48,159.000,5.299E-4,0.714,3.78E-4,51.0
2026/06/25 18:00:49,160.000,0.000,0.708,0.00,50.9
2026/06/25 18:00:50,161.000,5.299E-4,0.708,3.75E-4,50.8
2026/06/25 18:00:51,162.000,0.001,0.714,7.56E-4,50.7
2026/06/25 18:00:52,163.000,0.000,0.714,0.00,50.6
2026/06/25 18:00:53,164.000,5.299E-4,0.714,3.78E-4,50.5
2026/06/25 18:00:54,165.000,5.299E-4,0.714,3.78E-4,50.5
2026/06/25 18:00:55,166.000,5.299E-4,0.719,3.81E-4,50.4
2026/06/25 18:00:56,167.000,5.299E-4,0.719,3.81E-4,50.3
2026/06/25 18:00:57,168.000,5.299E-4,0.724,3.84E-4,50.3
2026/06/25 18:00:58,169.000,5.299E-4,0.724,3.84E-4,50.2
2026/06/25 18:00:59,170.000,0.000,0.724,0.00,50.1
2026/06/25 18:01:00,171.000,5.299E-4,0.724,3.84E-4,50.0
2026/06/25 18:01:01,172.000,5.299E-4,0.724,3.84E-4,50.0
2026/06/25 18:01:02,173.000,5.299E-4,0.729,3.86E-4,49.9
2026/06/25 18:01:03,174.000,5.299E-4,0.724,3.84E-4,49.8
2026/06/25 18:01:04,175.000,5.299E-4,0.729,3.86E-4,49.7
2026/06/25 18:01:05,176.000,5.299E-4,0.729,3.86E-4,49.7
2026/06/25 18:01:06,177.000,5.299E-4,0.729,3.86E-4,49.6
2026/06/25 18:01:07,178.000,5.299E-4,0.729,3.86E-4,49.5
2026/06/25 18:01:08,179.000,5.299E-4,0.734,3.89E-4,49.5
2026/06/25 18:01:09,180.000,5.299E-4,0.740,3.92E-4,49.4
2026/06/25 18:01:10,181.000,5.299E-4,0.734,3.89E-4,49.4
2026/06/25 18:01:11,182.000,5.299E-4,0.734,3.89E-4,49.3
2026/06/25 18:01:12,183.000,5.299E-4,0.740,3.92E-4,49.2
2026/06/25 18:01:13,184.000,5.299E-4,0.740,3.92E-4,49.1
2026/06/25 18:01:14,185.000,5.299E-4,0.740,3.92E-4,49.1
2026/06/25 18:01:15,186.000,5.299E-4,0.740,3.92E-4,49.0
2026/06/25 18:01:16,187.000,5.299E-4,0.740,3.92E-4,48.9
2026/06/25 18:01:17,188.000,5.299E-4,0.745,3.95E-4,48.9
2026/06/25 18:01:18,189.000,0.000,0.745,0.00,48.8
2026/06/25 18:01:19,190.000,5.299E-4,0.745,3.95E-4,48.8
2026/06/25 18:01:20,191.000,5.299E-4,0.745,3.95E-4,48.7
2026/06/25 18:01:21,192.000,5.299E-4,0.750,3.97E-4,48.7
2026/06/25 18:01:22,193.000,5.299E-4,0.745,3.95E-4,48.7
2026/06/25 18:01:23,194.000,5.299E-4,0.750,3.97E-4,48.6
2026/06/25 18:01:24,195.000,5.299E-4,0.750,3.97E-4,48.6
2026/06/25 18:01:25,196.000,5.299E-4,0.750,3.97E-4,48.5
2026/06/25 18:01:26,197.000,5.299E-4,0.755,4.00E-4,48.4
2026/06/25 18:01:27,198.000,5.299E-4,0.755,4.00E-4,48.4
2026/06/25 18:01:28,199.000,5.299E-4,0.755,4.00E-4,48.3
2026/06/25 18:01:29,200.000,5.299E-4,0.760,4.03E-4,48.3
2026/06/25 18:01:30,201.000,5.299E-4,0.755,4.00E-4,48.2
2026/06/25 18:01:31,202.000,5.299E-4,0.760,4.03E-4,48.2
2026/06/25 18:01:32,203.000,5.299E-4,0.760,4.03E-4,48.1
2026/06/25 18:01:33,204.000,0.000,0.760,0.00,48.1
2026/06/25 18:01:34,205.000,0.000,0.766,0.00,48.0
2026/06/25 18:01:35,206.000,5.299E-4,0.766,4.06E-4,48.0
2026/06/25 18:01:36,207.000,5.299E-4,0.766,4.06E-4,47.9
2026/06/25 18:01:37,208.000,5.299E-4,0.766,4.06E-4,47.9
2026/06/25 18:01:38,209.000,5.299E-4,0.766,4.06E-4,47.8
2026/06/25 18:01:39,210.000,5.299E-4,0.771,4.08E-4,47.8
2026/06/25 18:01:40,211.000,5.299E-4,0.766,4.06E-4,47.7
2026/06/25 18:01:41,212.000,5.299E-4,0.771,4.08E-4,47.7
2026/06/25 18:01:42,213.000,0.000,0.771,0.00,47.6
2026/06/25 18:01:43,214.000,0.000,0.771,0.00,47.6
2026/06/25 18:01:44,215.000,5.299E-4,0.776,4.11E-4,47.5
2026/06/25 18:01:45,216.000,5.299E-4,0.776,4.11E-4,47.5
2026/06/25 18:01:46,217.000,5.299E-4,0.776,4.11E-4,47.4
2026/06/25 18:01:47,218.000,0.000,0.776,0.00,47.4
2026/06/25 18:01:48,219.000,5.299E-4,0.776,4.11E-4,47.4
2026/06/25 18:01:49,220.000,5.299E-4,0.776,4.11E-4,47.4
2026/06/25 18:01:50,221.000,5.299E-4,0.781,4.14E-4,47.3
2026/06/25 18:01:51,222.000,5.299E-4,0.781,4.14E-4,47.3
2026/06/25 18:01:52,223.000,5.299E-4,0.781,4.14E-4,47.2
2026/06/25 18:01:53,224.000,5.299E-4,0.781,4.14E-4,47.2
2026/06/25 18:01:54,225.000,5.299E-4,0.786,4.17E-4,47.1
2026/06/25 18:01:55,226.000,5.299E-4,0.786,4.17E-4,47.1
2026/06/25 18:01:56,227.000,0.000,0.786,0.00,47.1
2026/06/25 18:01:57,228.000,5.299E-4,0.786,4.17E-4,47.0
2026/06/25 18:01:58,229.000,5.299E-4,0.786,4.17E-4,47.0
2026/06/25 18:01:59,230.000,0.000,0.786,0.00,47.0
2026/06/25 18:02:00,231.000,5.299E-4,0.792,4.20E-4,46.9
2026/06/25 18:02:01,232.000,5.299E-4,0.792,4.20E-4,46.9
2026/06/25 18:02:02,233.000,5.299E-4,0.792,4.20E-4,46.9
2026/06/25 18:02:03,234.000,5.299E-4,0.792,4.20E-4,46.8
2026/06/25 18:02:04,235.000,5.299E-4,0.792,4.20E-4,46.8
2026/06/25 18:02:05,236.000,5.299E-4,0.797,4.22E-4,46.8
2026/06/25 18:02:06,237.000,5.299E-4,0.797,4.22E-4,46.7
2026/06/25 18:02:07,238.000,5.299E-4,0.802,4.25E-4,46.7
2026/06/25 18:02:08,239.000,5.299E-4,0.802,4.25E-4,46.6
2026/06/25 18:02:09,240.000,5.299E-4,0.802,4.25E-4,46.6
2026/06/25 18:02:10,241.000,5.299E-4,0.807,4.28E-4,46.6
2026/06/25 18:02:11,242.000,5.299E-4,0.807,4.28E-4,46.6
2026/06/25 18:02:12,243.000,5.299E-4,0.802,4.25E-4,46.5
2026/06/25 18:02:13,244.000,5.299E-4,0.807,4.28E-4,46.5
2026/06/25 18:02:14,245.000,5.299E-4,0.807,4.28E-4,46.5
2026/06/25 18:02:15,246.000,5.299E-4,0.813,4.31E-4,46.4
2026/06/25 18:02:16,247.000,5.299E-4,0.813,4.31E-4,46.4
2026/06/25 18:02:17,248.000,5.299E-4,0.807,4.28E-4,46.3
2026/06/25 18:02:18,249.000,5.299E-4,0.813,4.31E-4,46.3
2026/06/25 18:02:19,250.000,5.299E-4,0.813,4.31E-4,46.3
2026/06/25 18:02:20,251.000,5.299E-4,0.813,4.31E-4,46.3
2026/06/25 18:02:21,252.000,5.299E-4,0.813,4.31E-4,46.3
2026/06/25 18:02:22,253.000,5.299E-4,0.813,4.31E-4,46.2
2026/06/25 18:02:23,254.000,5.299E-4,0.818,4.33E-4,46.2
2026/06/25 18:02:24,255.000,0.000,0.818,0.00,46.2
2026/06/25 18:02:25,256.000,5.299E-4,0.818,4.33E-4,46.1
2026/06/25 18:02:26,257.000,5.299E-4,0.818,4.33E-4,46.1
2026/06/25 18:02:27,258.000,5.299E-4,0.823,4.36E-4,46.1
2026/06/25 18:02:28,259.000,5.299E-4,0.823,4.36E-4,46.0
2026/06/25 18:02:29,260.000,5.299E-4,0.823,4.36E-4,46.0
2026/06/25 18:02:30,261.000,5.299E-4,0.823,4.36E-4,46.0
2026/06/25 18:02:31,262.000,5.299E-4,0.828,4.39E-4,45.9
2026/06/25 18:02:32,263.000,5.299E-4,0.828,4.39E-4,45.9
2026/06/25 18:02:33,264.000,5.299E-4,0.828,4.39E-4,45.9
2026/06/25 18:02:34,265.000,5.299E-4,0.828,4.39E-4,45.9
2026/06/25 18:02:35,266.000,5.299E-4,0.828,4.39E-4,45.8
2026/06/25 18:02:36,267.000,5.299E-4,0.828,4.39E-4,45.8
2026/06/25 18:02:37,268.000,5.299E-4,0.833,4.42E-4,45.8
2026/06/25 18:02:38,269.000,5.299E-4,0.828,4.39E-4,45.7
2026/06/25 18:02:39,270.000,0.000,0.828,0.00,45.7
2026/06/25 18:02:40,271.000,5.299E-4,0.833,4.42E-4,45.7
2026/06/25 18:02:41,272.000,5.299E-4,0.833,4.42E-4,45.7
2026/06/25 18:02:42,273.000,5.299E-4,0.833,4.42E-4,45.6
2026/06/25 18:02:43,274.000,5.299E-4,0.839,4.44E-4,45.6
2026/06/25 18:02:44,275.000,5.299E-4,0.839,4.44E-4,45.6
2026/06/25 18:02:45,276.000,5.299E-4,0.844,4.47E-4,45.6
2026/06/25 18:02:46,277.000,5.299E-4,0.839,4.44E-4,45.5
2026/06/25 18:02:47,278.000,5.299E-4,0.844,4.47E-4,45.5
2026/06/25 18:02:48,279.000,5.299E-4,0.839,4.44E-4,45.5
2026/06/25 18:02:49,280.000,5.299E-4,0.844,4.47E-4,45.5
2026/06/25 18:02:50,281.000,5.299E-4,0.844,4.47E-4,45.4
2026/06/25 18:02:51,282.000,5.299E-4,0.849,4.50E-4,45.4
2026/06/25 18:02:52,283.000,5.299E-4,0.849,4.50E-4,45.4
2026/06/25 18:02:53,284.000,5.299E-4,0.849,4.50E-4,45.4
2026/06/25 18:02:54,285.000,5.299E-4,0.849,4.50E-4,45.3
2026/06/25 18:02:55,286.000,5.299E-4,0.849,4.50E-4,45.3
2026/06/25 18:02:56,287.000,5.299E-4,0.854,4.53E-4,45.3
2026/06/25 18:02:57,288.000,5.299E-4,0.849,4.50E-4,45.3
2026/06/25 18:02:58,289.000,5.299E-4,0.854,4.53E-4,45.3
2026/06/25 18:02:59,290.000,5.299E-4,0.854,4.53E-4,45.3
2026/06/25 18:03:00,291.000,0.000,0.854,0.00,45.2
2026/06/25 18:03:01,292.000,5.299E-4,0.854,4.53E-4,45.2
2026/06/25 18:03:02,293.000,5.299E-4,0.854,4.53E-4,45.2
2026/06/25 18:03:03,294.000,5.299E-4,0.859,4.55E-4,45.2
2026/06/25 18:03:04,295.000,5.299E-4,0.859,4.55E-4,45.1
2026/06/25 18:03:05,296.000,5.299E-4,0.859,4.55E-4,45.1
2026/06/25 18:03:06,297.000,0.000,0.859,0.00,45.1
2026/06/25 18:03:07,298.000,5.299E-4,0.859,4.55E-4,45.1
2026/06/25 18:03:08,299.000,5.299E-4,0.865,4.58E-4,45.1
2026/06/25 18:03:09,300.000,5.299E-4,0.859,4.55E-4,45.1
2026/06/25 18:03:10,301.000,5.299E-4,0.865,4.58E-4,45.0
2026/06/25 18:03:11,302.000,5.299E-4,0.865,4.58E-4,45.0
2026/06/25 18:03:12,303.000,5.299E-4,0.865,4.58E-4,45.0
2026/06/25 18:03:13,304.000,5.299E-4,0.870,4.61E-4,45.0
2026/06/25 18:03:14,305.000,5.299E-4,0.870,4.61E-4,44.9
2026/06/25 18:03:15,306.000,5.299E-4,0.870,4.61E-4,44.9
2026/06/25 18:03:16,307.000,5.299E-4,0.870,4.61E-4,44.9
2026/06/25 18:03:17,308.000,5.299E-4,0.870,4.61E-4,44.9
2026/06/25 18:03:18,309.000,5.299E-4,0.870,4.61E-4,44.9
2026/06/25 18:03:19,310.000,5.299E-4,0.875,4.64E-4,44.8
2026/06/25 18:03:20,311.000,5.299E-4,0.875,4.64E-4,44.8
2026/06/25 18:03:21,312.000,5.299E-4,0.875,4.64E-4,44.8
2026/06/25 18:03:22,313.000,0.000,0.875,0.00,44.8
2026/06/25 18:03:23,314.000,5.299E-4,0.875,4.64E-4,44.8
2026/06/25 18:03:24,315.000,5.299E-4,0.875,4.64E-4,44.8
2026/06/25 18:03:25,316.000,5.299E-4,0.875,4.64E-4,44.7
2026/06/25 18:03:26,317.000,5.299E-4,0.880,4.66E-4,44.7
2026/06/25 18:03:27,318.000,5.299E-4,0.880,4.66E-4,44.7
2026/06/25 18:03:28,319.000,5.299E-4,0.885,4.69E-4,44.7
2026/06/25 18:03:29,320.000,5.299E-4,0.880,4.66E-4,44.7
2026/06/25 18:03:30,321.000,5.299E-4,0.880,4.66E-4,44.7
2026/06/25 18:03:31,322.000,5.299E-4,0.885,4.69E-4,44.6
2026/06/25 18:03:32,323.000,5.299E-4,0.885,4.69E-4,44.6
2026/06/25 18:03:33,324.000,5.299E-4,0.885,4.69E-4,44.6
2026/06/25 18:03:34,325.000,5.299E-4,0.885,4.69E-4,44.6
2026/06/25 18:03:35,326.000,5.299E-4,0.885,4.69E-4,44.6
2026/06/25 18:03:36,327.000,5.299E-4,0.885,4.69E-4,44.5
2026/06/25 18:03:37,328.000,5.299E-4,0.885,4.69E-4,44.5
2026/06/25 18:03:38,329.000,5.299E-4,0.885,4.69E-4,44.5
2026/06/25 18:03:39,330.000,5.299E-4,0.885,4.69E-4,44.5
2026/06/25 18:03:40,331.000,5.299E-4,0.891,4.72E-4,44.5
2026/06/25 18:03:41,332.000,5.299E-4,0.891,4.72E-4,44.5
2026/06/25 18:03:42,333.000,5.299E-4,0.896,4.75E-4,44.4
2026/06/25 18:03:43,334.000,5.299E-4,0.896,4.75E-4,44.4
2026/06/25 18:03:44,335.000,5.299E-4,0.896,4.75E-4,44.4
2026/06/25 18:03:45,336.000,5.299E-4,0.896,4.75E-4,44.4
2026/06/25 18:03:46,337.000,5.299E-4,0.896,4.75E-4,44.4
2026/06/25 18:03:47,338.000,5.299E-4,0.896,4.75E-4,44.3
2026/06/25 18:03:48,339.000,5.299E-4,0.896,4.75E-4,44.3
2026/06/25 18:03:49,340.000,5.299E-4,0.901,4.77E-4,44.3
2026/06/25 18:03:50,341.000,5.299E-4,0.901,4.77E-4,44.3
2026/06/25 18:03:51,342.000,5.299E-4,0.901,4.77E-4,44.3
2026/06/25 18:03:52,343.000,5.299E-4,0.901,4.77E-4,44.3
2026/06/25 18:03:53,344.000,5.299E-4,0.906,4.80E-4,44.3
2026/06/25 18:03:54,345.000,5.299E-4,0.906,4.80E-4,44.2
2026/06/25 18:03:55,346.000,5.299E-4,0.906,4.80E-4,44.2
2026/06/25 18:03:56,347.000,0.000,0.901,0.00,44.2
2026/06/25 18:03:57,348.000,5.299E-4,0.906,4.80E-4,44.2
2026/06/25 18:03:58,349.000,5.299E-4,0.906,4.80E-4,44.2
2026/06/25 18:03:59,350.000,5.299E-4,0.906,4.80E-4,44.2
2026/06/25 18:04:00,351.000,5.299E-4,0.911,4.83E-4,44.1
2026/06/25 18:04:01,352.000,5.299E-4,0.911,4.83E-4,44.1
2026/06/25 18:04:02,353.000,5.299E-4,0.911,4.83E-4,44.1
2026/06/25 18:04:03,354.000,5.299E-4,0.911,4.83E-4,44.1
2026/06/25 18:04:04,355.000,5.299E-4,0.911,4.83E-4,44.1
2026/06/25 18:04:05,356.000,5.299E-4,0.911,4.83E-4,44.1
2026/06/25 18:04:06,357.000,5.299E-4,0.911,4.83E-4,44.1
2026/06/25 18:04:07,358.000,5.299E-4,0.917,4.86E-4,44.1
2026/06/25 18:04:08,359.000,5.299E-4,0.917,4.86E-4,44.1
2026/06/25 18:04:09,360.000,5.299E-4,0.917,4.86E-4,44.0
2026/06/25 18:04:10,361.000,5.299E-4,0.917,4.86E-4,44.0
2026/06/25 18:04:11,362.000,5.299E-4,0.917,4.86E-4,44.0
2026/06/25 18:04:12,363.000,5.299E-4,0.917,4.86E-4,43.9
2026/06/25 18:04:13,364.000,5.299E-4,0.917,4.86E-4,43.9
2026/06/25 18:04:14,365.000,5.299E-4,0.922,4.89E-4,43.9
2026/06/25 18:04:15,366.000,5.299E-4,0.922,4.89E-4,43.9
2026/06/25 18:04:16,367.000,5.299E-4,0.922,4.89E-4,43.9
2026/06/25 18:04:17,368.000,5.299E-4,0.922,4.89E-4,43.9
2026/06/25 18:04:18,369.000,5.299E-4,0.927,4.91E-4,43.9
2026/06/25 18:04:19,370.000,5.299E-4,0.927,4.91E-4,43.9
2026/06/25 18:04:20,371.000,5.299E-4,0.922,4.89E-4,43.8
2026/06/25 18:04:21,372.000,5.299E-4,0.927,4.91E-4,43.8
2026/06/25 18:04:22,373.000,5.299E-4,0.927,4.91E-4,43.8
2026/06/25 18:04:23,374.000,5.299E-4,0.927,4.91E-4,43.8
2026/06/25 18:04:24,375.000,5.299E-4,0.927,4.91E-4,43.8
2026/06/25 18:04:25,376.000,5.299E-4,0.927,4.91E-4,43.8
2026/06/25 18:04:26,377.000,5.299E-4,0.927,4.91E-4,43.7
2026/06/25 18:04:27,378.000,5.299E-4,0.932,4.94E-4,43.7
2026/06/25 18:04:28,379.000,5.299E-4,0.932,4.94E-4,43.7
2026/06/25 18:04:29,380.000,5.299E-4,0.932,4.94E-4,43.7
2026/06/25 18:04:30,381.000,5.299E-4,0.932,4.94E-4,43.7
2026/06/25 18:04:31,382.000,5.299E-4,0.932,4.94E-4,43.7
2026/06/25 18:04:32,383.000,5.299E-4,0.932,4.94E-4,43.7
2026/06/25 18:04:33,384.000,5.299E-4,0.938,4.97E-4,43.7
2026/06/25 18:04:34,385.000,5.299E-4,0.938,4.97E-4,43.6
2026/06/25 18:04:35,386.000,5.299E-4,0.938,4.97E-4,43.6
2026/06/25 18:04:36,387.000,5.299E-4,0.938,4.97E-4,43.6
2026/06/25 18:04:37,388.000,5.299E-4,0.938,4.97E-4,43.6
2026/06/25 18:04:38,389.000,5.299E-4,0.938,4.97E-4,43.6
2026/06/25 18:04:39,390.000,5.299E-4,0.943,5.00E-4,43.6
2026/06/25 18:04:40,391.000,5.299E-4,0.943,5.00E-4,43.6
2026/06/25 18:04:41,392.000,5.299E-4,0.943,5.00E-4,43.5
2026/06/25 18:04:42,393.000,5.299E-4,0.943,5.00E-4,43.5
2026/06/25 18:04:43,394.000,5.299E-4,0.943,5.00E-4,43.5
2026/06/25 18:04:44,395.000,5.299E-4,0.943,5.00E-4,43.5
2026/06/25 18:04:45,396.000,5.299E-4,0.943,5.00E-4,43.5
2026/06/25 18:04:46,397.000,5.299E-4,0.943,5.00E-4,43.5
2026/06/25 18:04:47,398.000,5.299E-4,0.948,5.02E-4,43.5
2026/06/25 18:04:48,399.000,5.299E-4,0.948,5.02E-4,43.5
2026/06/25 18:04:49,400.000,5.299E-4,0.948,5.02E-4,43.5
2026/06/25 18:04:50,401.000,5.299E-4,0.948,5.02E-4,43.4
2026/06/25 18:04:51,402.000,0.000,0.948,0.00,43.4
2026/06/25 18:04:52,403.000,5.299E-4,0.948,5.02E-4,43.4
2026/06/25 18:04:53,404.000,5.299E-4,0.953,5.05E-4,43.4
2026/06/25 18:04:54,405.000,5.299E-4,0.948,5.02E-4,43.4
2026/06/25 18:04:55,406.000,5.299E-4,0.953,5.05E-4,43.4
2026/06/25 18:04:56,407.000,0.000,0.953,0.00,43.4
2026/06/25 18:04:57,408.000,5.299E-4,0.953,5.05E-4,43.3
2026/06/25 18:04:58,409.000,5.299E-4,0.953,5.05E-4,43.3
2026/06/25 18:04:59,410.000,5.299E-4,0.953,5.05E-4,43.3
2026/06/25 18:05:00,411.000,5.299E-4,0.953,5.05E-4,43.3
2026/06/25 18:05:01,412.000,5.299E-4,0.958,5.08E-4,43.3
2026/06/25 18:05:02,413.000,5.299E-4,0.958,5.08E-4,43.3
2026/06/25 18:05:03,414.000,5.299E-4,0.958,5.08E-4,43.3
2026/06/25 18:05:04,415.000,5.299E-4,0.958,5.08E-4,43.3
2026/06/25 18:05:05,416.000,5.299E-4,0.958,5.08E-4,43.3
2026/06/25 18:05:06,417.000,5.299E-4,0.964,5.11E-4,43.3
2026/06/25 18:05:07,418.000,5.299E-4,0.964,5.11E-4,43.2
2026/06/25 18:05:08,419.000,5.299E-4,0.958,5.08E-4,43.2
2026/06/25 18:05:09,420.000,5.299E-4,0.964,5.11E-4,43.2
2026/06/25 18:05:10,421.000,5.299E-4,0.958,5.08E-4,43.2
2026/06/25 18:05:11,422.000,5.299E-4,0.964,5.11E-4,43.2
2026/06/25 18:05:12,423.000,5.299E-4,0.964,5.11E-4,43.2
2026/06/25 18:05:13,424.000,5.299E-4,0.969,5.13E-4,43.2
2026/06/25 18:05:14,425.000,5.299E-4,0.969,5.13E-4,43.1
2026/06/25 18:05:15,426.000,5.299E-4,0.969,5.13E-4,43.1
2026/06/25 18:05:16,427.000,5.299E-4,0.964,5.11E-4,43.1
2026/06/25 18:05:17,428.000,5.299E-4,0.969,5.13E-4,43.1
2026/06/25 18:05:18,429.000,5.299E-4,0.969,5.13E-4,43.1
2026/06/25 18:05:19,430.000,5.299E-4,0.969,5.13E-4,43.1
2026/06/25 18:05:20,431.000,5.299E-4,0.969,5.13E-4,43.1
2026/06/25 18:05:21,432.000,5.299E-4,0.974,5.16E-4,43.1
2026/06/25 18:05:22,433.000,0.000,0.974,0.00,43.1
2026/06/25 18:05:23,434.000,5.299E-4,0.969,5.13E-4,43.1
2026/06/25 18:05:24,435.000,5.299E-4,0.974,5.16E-4,43.1
2026/06/25 18:05:25,436.000,5.299E-4,0.974,5.16E-4,43.0
2026/06/25 18:05:26,437.000,5.299E-4,0.974,5.16E-4,43.0
2026/06/25 18:05:27,438.000,5.299E-4,0.974,5.16E-4,43.0
2026/06/25 18:05:28,439.000,0.000,0.979,0.00,43.0
2026/06/25 18:05:29,440.000,5.299E-4,0.974,5.16E-4,43.0
2026/06/25 18:05:30,441.000,5.299E-4,0.979,5.19E-4,43.0
2026/06/25 18:05:31,442.000,5.299E-4,0.979,5.19E-4,43.0
2026/06/25 18:05:32,443.000,5.299E-4,0.974,5.16E-4,42.9
2026/06/25 18:05:33,444.000,5.299E-4,0.979,5.19E-4,42.9
2026/06/25 18:05:34,445.000,5.299E-4,0.979,5.19E-4,42.9
2026/06/25 18:05:35,446.000,5.299E-4,0.979,5.19E-4,42.9
2026/06/25 18:05:36,447.000,5.299E-4,0.984,5.22E-4,42.9
2026/06/25 18:05:37,448.000,5.299E-4,0.979,5.19E-4,42.9
2026/06/25 18:05:38,449.000,5.299E-4,0.984,5.22E-4,42.9
2026/06/25 18:05:39,450.000,5.299E-4,0.984,5.22E-4,42.9
2026/06/25 18:05:40,451.000,5.299E-4,0.979,5.19E-4,42.9
2026/06/25 18:05:41,452.000,5.299E-4,0.984,5.22E-4,42.8
2026/06/25 18:05:42,453.000,5.299E-4,0.984,5.22E-4,42.8
2026/06/25 18:05:43,454.000,5.299E-4,0.984,5.22E-4,42.8
2026/06/25 18:05:44,455.000,5.299E-4,0.984,5.22E-4,42.8
2026/06/25 18:05:45,456.000,5.299E-4,0.990,5.24E-4,42.8
2026/06/25 18:05:46,457.000,5.299E-4,0.990,5.24E-4,42.8
2026/06/25 18:05:47,458.000,0.000,0.990,0.00,42.8
2026/06/25 18:05:48,459.000,5.299E-4,0.990,5.24E-4,42.8
2026/06/25 18:05:49,460.000,5.299E-4,0.990,5.24E-4,42.8
2026/06/25 18:05:50,461.000,5.299E-4,0.995,5.27E-4,42.7
2026/06/25 18:05:51,462.000,5.299E-4,0.995,5.27E-4,42.7
2026/06/25 18:05:52,463.000,5.299E-4,0.990,5.24E-4,42.7
2026/06/25 18:05:53,464.000,5.299E-4,0.995,5.27E-4,42.7
2026/06/25 18:05:54,465.000,5.299E-4,0.995,5.27E-4,42.7
2026/06/25 18:05:55,466.000,5.299E-4,0.995,5.27E-4,42.7
2026/06/25 18:05:56,467.000,5.299E-4,0.995,5.27E-4,42.7
2026/06/25 18:05:57,468.000,5.299E-4,0.995,5.27E-4,42.7
2026/06/25 18:05:58,469.000,5.299E-4,0.995,5.27E-4,42.7
2026/06/25 18:05:59,470.000,5.299E-4,1.00,5.30E-4,42.7
2026/06/25 18:06:00,471.000,5.299E-4,0.995,5.27E-4,42.7
2026/06/25 18:06:01,472.000,0.000,0.995,0.00,42.6
2026/06/25 18:06:02,473.000,5.299E-4,1.00,5.30E-4,42.6
2026/06/25 18:06:03,474.000,5.299E-4,0.995,5.27E-4,42.6
2026/06/25 18:06:04,475.000,5.299E-4,1.00,5.30E-4,42.6
2026/06/25 18:06:05,476.000,5.299E-4,1.00,5.30E-4,42.6
2026/06/25 18:06:06,477.000,5.299E-4,1.00,5.30E-4,42.6
2026/06/25 18:06:07,478.000,5.299E-4,1.00,5.30E-4,42.5
2026/06/25 18:06:08,479.000,5.299E-4,1.00,5.30E-4,42.6
2026/06/25 18:06:09,480.000,5.299E-4,1.00,5.30E-4,42.5
2026/06/25 18:06:10,481.000,5.299E-4,1.01,5.33E-4,42.5
2026/06/25 18:06:11,482.000,5.299E-4,1.01,5.33E-4,42.5
2026/06/25 18:06:12,483.000,5.299E-4,1.01,5.33E-4,42.5
2026/06/25 18:06:13,484.000,0.000,1.01,0.00,42.5
2026/06/25 18:06:14,485.000,5.299E-4,1.01,5.33E-4,42.5
2026/06/25 18:06:15,486.000,5.299E-4,1.01,5.33E-4,42.5
2026/06/25 18:06:16,487.000,5.299E-4,1.01,5.35E-4,42.5
2026/06/25 18:06:17,488.000,5.299E-4,1.01,5.33E-4,42.5
2026/06/25 18:06:18,489.000,5.299E-4,1.01,5.33E-4,42.5
2026/06/25 18:06:19,490.000,5.299E-4,1.01,5.35E-4,42.4
2026/06/25 18:06:20,491.000,5.299E-4,1.01,5.35E-4,42.4
2026/06/25 18:06:21,492.000,0.000,1.01,0.00,42.4
2026/06/25 18:06:22,493.000,5.299E-4,1.01,5.35E-4,42.4
2026/06/25 18:06:23,494.000,5.299E-4,1.01,5.35E-4,42.4
2026/06/25 18:06:24,495.000,5.299E-4,1.01,5.35E-4,42.4
2026/06/25 18:06:25,496.000,5.299E-4,1.02,5.38E-4,42.4
2026/06/25 18:06:26,497.000,5.299E-4,1.02,5.38E-4,42.4
2026/06/25 18:06:27,498.000,5.299E-4,1.01,5.35E-4,42.3
2026/06/25 18:06:28,499.000,5.299E-4,1.02,5.38E-4,42.3
2026/06/25 18:06:29,500.000,5.299E-4,1.02,5.38E-4,42.3
2026/06/25 18:06:30,501.000,5.299E-4,1.02,5.38E-4,42.3
2026/06/25 18:06:31,502.000,5.299E-4,1.02,5.38E-4,42.3
2026/06/25 18:06:32,503.000,0.000,1.02,0.00,42.3
2026/06/25 18:06:33,504.000,5.299E-4,1.02,5.38E-4,42.3
2026/06/25 18:06:34,505.000,5.299E-4,1.02,5.38E-4,42.3
2026/06/25 18:06:35,506.000,5.299E-4,1.02,5.38E-4,42.3
2026/06/25 18:06:36,507.000,5.299E-4,1.02,5.41E-4,42.3
2026/06/25 18:06:37,508.000,5.299E-4,1.02,5.41E-4,42.3
2026/06/25 18:06:38,509.000,5.299E-4,1.02,5.41E-4,42.3
2026/06/25 18:06:39,510.000,5.299E-4,1.02,5.41E-4,42.3
2026/06/25 18:06:40,511.000,0.000,1.02,0.00,42.2
2026/06/25 18:06:41,512.000,5.299E-4,1.02,5.41E-4,42.2
2026/06/25 18:06:42,513.000,0.000,1.02,0.00,42.2
2026/06/25 18:06:43,514.000,5.299E-4,1.02,5.41E-4,42.2
2026/06/25 18:06:44,515.000,5.299E-4,1.03,5.44E-4,42.2
2026/06/25 18:06:45,516.000,0.000,1.03,0.00,42.2
2026/06/25 18:06:46,517.000,5.299E-4,1.03,5.44E-4,42.1
2026/06/25 18:06:47,518.000,5.299E-4,1.03,5.44E-4,42.1
2026/06/25 18:06:48,519.000,5.299E-4,1.03,5.44E-4,42.1
2026/06/25 18:06:49,520.000,5.299E-4,1.03,5.44E-4,42.1
2026/06/25 18:06:50,521.000,5.299E-4,1.03,5.44E-4,42.1
2026/06/25 18:06:51,522.000,5.299E-4,1.03,5.44E-4,42.1
2026/06/25 18:06:52,523.000,5.299E-4,1.03,5.47E-4,42.1
2026/06/25 18:06:53,524.000,5.299E-4,1.03,5.47E-4,42.1
2026/06/25 18:06:54,525.000,5.299E-4,1.03,5.44E-4,42.1
2026/06/25 18:06:55,526.000,5.299E-4,1.03,5.47E-4,42.1
2026/06/25 18:06:56,527.000,0.000,1.03,0.00,42.0
2026/06/25 18:06:57,528.000,5.299E-4,1.03,5.47E-4,42.0
2026/06/25 18:06:58,529.000,5.299E-4,1.03,5.47E-4,42.0
2026/06/25 18:06:59,530.000,5.299E-4,1.03,5.47E-4,42.0
2026/06/25 18:07:00,531.000,5.299E-4,1.03,5.44E-4,42.0
2026/06/25 18:07:01,532.000,0.000,1.03,0.00,42.0
2026/06/25 18:07:02,533.000,5.299E-4,1.04,5.49E-4,42.0
2026/06/25 18:07:03,534.000,5.299E-4,1.03,5.47E-4,42.0
2026/06/25 18:07:04,535.000,5.299E-4,1.04,5.49E-4,42.0
2026/06/25 18:07:05,536.000,5.299E-4,1.04,5.49E-4,42.0
2026/06/25 18:07:06,537.000,0.000,1.04,0.00,42.0
2026/06/25 18:07:07,538.000,5.299E-4,1.04,5.49E-4,42.0
2026/06/25 18:07:08,539.000,5.299E-4,1.04,5.49E-4,41.9
2026/06/25 18:07:09,540.000,5.299E-4,1.04,5.49E-4,41.9
2026/06/25 18:07:10,541.000,0.000,1.04,0.00,41.9
2026/06/25 18:07:11,542.000,5.299E-4,1.04,5.49E-4,41.9
2026/06/25 18:07:12,543.000,5.299E-4,1.04,5.49E-4,41.9
2026/06/25 18:07:13,544.000,0.000,1.04,0.00,41.9
2026/06/25 18:07:14,545.000,5.299E-4,1.04,5.52E-4,41.9
2026/06/25 18:07:15,546.000,5.299E-4,1.04,5.52E-4,41.9
2026/06/25 18:07:16,547.000,5.299E-4,1.04,5.52E-4,41.9
2026/06/25 18:07:17,548.000,5.299E-4,1.04,5.52E-4,41.8
2026/06/25 18:07:18,549.000,5.299E-4,1.04,5.52E-4,41.8
2026/06/25 18:07:19,550.000,5.299E-4,1.04,5.52E-4,41.8
2026/06/25 18:07:20,551.000,5.299E-4,1.04,5.52E-4,41.8
2026/06/25 18:07:21,552.000,5.299E-4,1.04,5.52E-4,41.8
2026/06/25 18:07:22,553.000,5.299E-4,1.05,5.55E-4,41.8
2026/06/25 18:07:23,554.000,5.299E-4,1.05,5.55E-4,41.8
2026/06/25 18:07:24,555.000,5.299E-4,1.05,5.55E-4,41.8
2026/06/25 18:07:25,556.000,5.299E-4,1.05,5.55E-4,41.8
2026/06/25 18:07:26,557.000,5.299E-4,1.05,5.55E-4,41.8
2026/06/25 18:07:27,558.000,5.299E-4,1.05,5.55E-4,41.8
2026/06/25 18:07:28,559.000,5.299E-4,1.05,5.55E-4,41.8
2026/06/25 18:07:29,560.000,5.299E-4,1.05,5.55E-4,41.7
2026/06/25 18:07:30,561.000,5.299E-4,1.05,5.55E-4,41.7
2026/06/25 18:07:31,562.000,5.299E-4,1.05,5.58E-4,41.7
2026/06/25 18:07:32,563.000,0.000,1.05,0.00,41.7
2026/06/25 18:07:33,564.000,5.299E-4,1.05,5.58E-4,41.7
2026/06/25 18:07:34,565.000,5.299E-4,1.05,5.55E-4,41.7
2026/06/25 18:07:35,566.000,5.299E-4,1.05,5.55E-4,41.7
2026/06/25 18:07:36,567.000,0.000,1.05,0.00,41.7
2026/06/25 18:07:37,568.000,5.299E-4,1.05,5.58E-4,41.7
2026/06/25 18:07:38,569.000,5.299E-4,1.05,5.58E-4,41.7
2026/06/25 18:07:39,570.000,5.299E-4,1.05,5.58E-4,41.7
2026/06/25 18:07:40,571.000,5.299E-4,1.05,5.58E-4,41.7
2026/06/25 18:07:41,572.000,5.299E-4,1.06,5.60E-4,41.7
2026/06/25 18:07:42,573.000,5.299E-4,1.05,5.58E-4,41.7
2026/06/25 18:07:43,574.000,5.299E-4,1.06,5.60E-4,41.6
2026/06/25 18:07:44,575.000,5.299E-4,1.05,5.58E-4,41.6
2026/06/25 18:07:45,576.000,5.299E-4,1.05,5.58E-4,41.6
2026/06/25 18:07:46,577.000,5.299E-4,1.06,5.60E-4,41.6
2026/06/25 18:07:47,578.000,0.000,1.06,0.00,41.6
2026/06/25 18:07:48,579.000,5.299E-4,1.06,5.60E-4,41.6
2026/06/25 18:07:49,580.000,5.299E-4,1.06,5.60E-4,41.6
2026/06/25 18:07:50,581.000,0.000,1.06,0.00,41.6
2026/06/25 18:07:51,582.000,5.299E-4,1.06,5.60E-4,41.5
2026/06/25 18:07:52,583.000,5.299E-4,1.06,5.63E-4,41.5
2026/06/25 18:07:53,584.000,5.299E-4,1.06,5.63E-4,41.5
2026/06/25 18:07:54,585.000,5.299E-4,1.06,5.60E-4,41.5
2026/06/25 18:07:55,586.000,5.299E-4,1.06,5.60E-4,41.5
2026/06/25 18:07:56,587.000,5.299E-4,1.06,5.63E-4,41.5
2026/06/25 18:07:57,588.000,5.299E-4,1.06,5.63E-4,41.5
2026/06/25 18:07:58,589.000,0.000,1.06,0.00,41.5
2026/06/25 18:07:59,590.000,0.000,1.06,0.00,41.5
2026/06/25 18:08:00,591.000,0.000,1.06,0.00,41.5
2026/06/25 18:08:01,592.000,5.299E-4,1.06,5.63E-4,41.5
2026/06/25 18:08:02,593.000,5.299E-4,1.06,5.63E-4,41.5
2026/06/25 18:08:03,594.000,5.299E-4,1.07,5.66E-4,41.5
2026/06/25 18:08:04,595.000,5.299E-4,1.06,5.63E-4,41.4
2026/06/25 18:08:05,596.000,5.299E-4,1.07,5.66E-4,41.4
2026/06/25 18:08:06,597.000,5.299E-4,1.07,5.66E-4,41.4
2026/06/25 18:08:07,598.000,5.299E-4,1.07,5.66E-4,41.4
2026/06/25 18:08:08,599.000,5.299E-4,1.07,5.66E-4,41.4
2026/06/25 18:08:09,600.000,5.299E-4,1.07,5.66E-4,41.4
2026/06/25 18:08:10,601.000,5.299E-4,1.07,5.69E-4,41.4
2026/06/25 18:08:11,602.000,5.299E-4,1.07,5.66E-4,41.4
2026/06/25 18:08:12,603.000,0.000,1.07,0.00,41.4
2026/06/25 18:08:13,604.000,5.299E-4,1.07,5.66E-4,41.3
2026/06/25 18:08:14,605.000,5.299E-4,1.07,5.69E-4,41.3
2026/06/25 18:08:15,606.000,5.299E-4,1.07,5.69E-4,41.3
2026/06/25 18:08:16,607.000,5.299E-4,1.07,5.69E-4,41.3
2026/06/25 18:08:17,608.000,5.299E-4,1.07,5.69E-4,41.3
2026/06/25 18:08:18,609.000,5.299E-4,1.07,5.66E-4,41.3
2026/06/25 18:08:19,610.000,0.000,1.07,0.00,41.3
2026/06/25 18:08:20,611.000,0.000,1.07,0.00,41.3
2026/06/25 18:08:21,612.000,5.299E-4,1.07,5.69E-4,41.3
2026/06/25 18:08:22,613.000,5.299E-4,1.07,5.69E-4,41.3
2026/06/25 18:08:23,614.000,0.000,1.07,0.00,41.3
2026/06/25 18:08:24,615.000,5.299E-4,1.07,5.69E-4,41.3
2026/06/25 18:08:25,616.000,5.299E-4,1.07,5.69E-4,41.3
2026/06/25 18:08:26,617.000,5.299E-4,1.07,5.69E-4,41.3
2026/06/25 18:08:27,618.000,5.299E-4,1.08,5.71E-4,41.2
2026/06/25 18:08:28,619.000,5.299E-4,1.07,5.69E-4,41.2
2026/06/25 18:08:29,620.000,5.299E-4,1.08,5.71E-4,41.2
2026/06/25 18:08:30,621.000,5.299E-4,1.07,5.69E-4,41.2
2026/06/25 18:08:31,622.000,5.299E-4,1.08,5.71E-4,41.2
2026/06/25 18:08:32,623.000,5.299E-4,1.08,5.71E-4,41.2
2026/06/25 18:08:33,624.000,5.299E-4,1.07,5.69E-4,41.2
2026/06/25 18:08:34,625.000,5.299E-4,1.08,5.74E-4,41.2
2026/06/25 18:08:35,626.000,5.299E-4,1.08,5.74E-4,41.2
2026/06/25 18:08:36,627.000,5.299E-4,1.08,5.71E-4,41.2
2026/06/25 18:08:37,628.000,0.000,1.08,0.00,41.2
2026/06/25 18:08:38,629.000,5.299E-4,1.08,5.74E-4,41.2
2026/06/25 18:08:39,630.000,5.299E-4,1.08,5.74E-4,41.2
2026/06/25 18:08:40,631.000,5.299E-4,1.08,5.74E-4,41.2
2026/06/25 18:08:41,632.000,5.299E-4,1.08,5.74E-4,41.2
2026/06/25 18:08:42,633.000,5.299E-4,1.08,5.74E-4,41.1
2026/06/25 18:08:43,634.000,5.299E-4,1.08,5.74E-4,41.1
2026/06/25 18:08:44,635.000,5.299E-4,1.09,5.77E-4,41.1
2026/06/25 18:08:45,636.000,5.299E-4,1.08,5.74E-4,41.1
2026/06/25 18:08:46,637.000,5.299E-4,1.08,5.74E-4,41.1
2026/06/25 18:08:47,638.000,5.299E-4,1.08,5.74E-4,41.1
2026/06/25 18:08:48,639.000,5.299E-4,1.08,5.74E-4,41.1
2026/06/25 18:08:49,640.000,5.299E-4,1.09,5.77E-4,41.1
2026/06/25 18:08:50,641.000,5.299E-4,1.08,5.74E-4,41.0
2026/06/25 18:08:51,642.000,5.299E-4,1.09,5.77E-4,41.0
2026/06/25 18:08:52,643.000,5.299E-4,1.08,5.74E-4,41.0
2026/06/25 18:08:53,644.000,5.299E-4,1.09,5.77E-4,41.0
2026/06/25 18:08:54,645.000,0.000,1.08,0.00,41.0
2026/06/25 18:08:55,646.000,5.299E-4,1.09,5.80E-4,41.0
2026/06/25 18:08:56,647.000,5.299E-4,1.09,5.77E-4,41.0
2026/06/25 18:08:57,648.000,5.299E-4,1.09,5.77E-4,41.0
2026/06/25 18:08:58,649.000,0.000,1.09,0.00,41.0
2026/06/25 18:08:59,650.000,0.000,1.09,0.00,41.0
2026/06/25 18:09:00,651.000,5.299E-4,1.09,5.77E-4,41.0
2026/06/25 18:09:01,652.000,5.299E-4,1.09,5.77E-4,41.0
2026/06/25 18:09:02,653.000,0.000,1.09,0.00,41.0
2026/06/25 18:09:03,654.000,5.299E-4,1.09,5.80E-4,41.0
2026/06/25 18:09:04,655.000,5.299E-4,1.09,5.80E-4,40.9
2026/06/25 18:09:05,656.000,5.299E-4,1.09,5.80E-4,40.9
2026/06/25 18:09:06,657.000,5.299E-4,1.09,5.80E-4,40.9
2026/06/25 18:09:07,658.000,5.299E-4,1.09,5.80E-4,40.9
2026/06/25 18:09:08,659.000,0.000,1.09,0.00,40.9
2026/06/25 18:09:09,660.000,5.299E-4,1.09,5.80E-4,40.9
2026/06/25 18:09:10,661.000,0.000,1.09,0.00,40.9
2026/06/25 18:09:11,662.000,5.299E-4,1.09,5.80E-4,40.9
2026/06/25 18:09:12,663.000,5.299E-4,1.09,5.80E-4,40.9
2026/06/25 18:09:13,664.000,5.299E-4,1.09,5.80E-4,40.9
2026/06/25 18:09:14,665.000,5.299E-4,1.09,5.80E-4,40.9
2026/06/25 18:09:15,666.000,0.000,1.09,0.00,40.9
2026/06/25 18:09:16,667.000,5.299E-4,1.10,5.82E-4,40.9
2026/06/25 18:09:17,668.000,0.000,1.10,0.00,40.9
2026/06/25 18:09:18,669.000,5.299E-4,1.10,5.82E-4,40.9
2026/06/25 18:09:19,670.000,0.000,1.10,0.00,40.8
2026/06/25 18:09:20,671.000,0.000,1.10,0.00,40.8
2026/06/25 18:09:21,672.000,5.299E-4,1.10,5.82E-4,40.8
2026/06/25 18:09:22,673.000,5.299E-4,1.10,5.82E-4,40.8
2026/06/25 18:09:23,674.000,5.299E-4,1.10,5.85E-4,40.8
2026/06/25 18:09:24,675.000,5.299E-4,1.10,5.85E-4,40.8
2026/06/25 18:09:25,676.000,5.299E-4,1.10,5.82E-4,40.8
2026/06/25 18:09:26,677.000,5.299E-4,1.10,5.85E-4,40.8
2026/06/25 18:09:27,678.000,5.299E-4,1.10,5.82E-4,40.8
2026/06/25 18:09:28,679.000,5.299E-4,1.10,5.85E-4,40.8
2026/06/25 18:09:29,680.000,5.299E-4,1.10,5.85E-4,40.7
2026/06/25 18:09:30,681.000,5.299E-4,1.10,5.85E-4,40.7
2026/06/25 18:09:31,682.000,5.299E-4,1.10,5.85E-4,40.7
2026/06/25 18:09:32,683.000,5.299E-4,1.10,5.85E-4,40.7
2026/06/25 18:09:33,684.000,5.299E-4,1.10,5.85E-4,40.7
2026/06/25 18:09:34,685.000,5.299E-4,1.10,5.85E-4,40.7
2026/06/25 18:09:35,686.000,5.299E-4,1.10,5.85E-4,40.7
2026/06/25 18:09:36,687.000,5.299E-4,1.10,5.82E-4,40.7
2026/06/25 18:09:37,688.000,5.299E-4,1.10,5.85E-4,40.7
2026/06/25 18:09:38,689.000,5.299E-4,1.10,5.85E-4,40.7
2026/06/25 18:09:39,690.000,5.299E-4,1.10,5.85E-4,40.7
2026/06/25 18:09:40,691.000,0.000,1.10,0.00,40.7
2026/06/25 18:09:41,692.000,5.299E-4,1.10,5.85E-4,40.7
2026/06/25 18:09:42,693.000,5.299E-4,1.11,5.88E-4,40.7
2026/06/25 18:09:43,694.000,5.299E-4,1.10,5.85E-4,40.7
2026/06/25 18:09:44,695.000,5.299E-4,1.11,5.88E-4,40.6
2026/06/25 18:09:45,696.000,5.299E-4,1.11,5.88E-4,40.6
2026/06/25 18:09:46,697.000,5.299E-4,1.11,5.91E-4,40.6
2026/06/25 18:09:47,698.000,5.299E-4,1.11,5.88E-4,40.6
2026/06/25 18:09:48,699.000,5.299E-4,1.11,5.88E-4,40.6
2026/06/25 18:09:49,700.000,5.299E-4,1.11,5.88E-4,40.6
2026/06/25 18:09:50,701.000,5.299E-4,1.11,5.88E-4,40.6
2026/06/25 18:09:51,702.000,5.299E-4,1.11,5.88E-4,40.6
2026/06/25 18:09:52,703.000,5.299E-4,1.11,5.88E-4,40.6
2026/06/25 18:09:53,704.000,5.299E-4,1.11,5.88E-4,40.6
2026/06/25 18:09:54,705.000,5.299E-4,1.11,5.91E-4,40.6
2026/06/25 18:09:55,706.000,0.000,1.11,0.00,40.6
2026/06/25 18:09:56,707.000,5.299E-4,1.11,5.88E-4,40.6
2026/06/25 18:09:57,708.000,5.299E-4,1.11,5.91E-4,40.6
2026/06/25 18:09:58,709.000,0.000,1.11,0.00,40.5
2026/06/25 18:09:59,710.000,5.299E-4,1.11,5.91E-4,40.5
2026/06/25 18:10:00,711.000,5.299E-4,1.11,5.91E-4,40.5
2026/06/25 18:10:01,712.000,5.299E-4,1.11,5.91E-4,40.5
2026/06/25 18:10:02,713.000,5.299E-4,1.11,5.91E-4,40.5
2026/06/25 18:10:03,714.000,5.299E-4,1.11,5.91E-4,40.5
2026/06/25 18:10:04,715.000,5.299E-4,1.11,5.91E-4,40.5
2026/06/25 18:10:05,716.000,5.299E-4,1.11,5.91E-4,40.5
2026/06/25 18:10:06,717.000,0.000,1.11,0.00,40.5
2026/06/25 18:10:07,718.000,5.299E-4,1.11,5.91E-4,40.5
2026/06/25 18:10:08,719.000,5.299E-4,1.11,5.91E-4,40.5
2026/06/25 18:10:09,720.000,5.299E-4,1.11,5.91E-4,40.4
2026/06/25 18:10:10,721.000,5.299E-4,1.12,5.93E-4,40.4
2026/06/25 18:10:11,722.000,5.299E-4,1.11,5.91E-4,40.4
2026/06/25 18:10:12,723.000,5.299E-4,1.12,5.93E-4,40.4
2026/06/25 18:10:13,724.000,5.299E-4,1.11,5.91E-4,40.4
2026/06/25 18:10:14,725.000,5.299E-4,1.12,5.93E-4,40.4
2026/06/25 18:10:15,726.000,5.299E-4,1.12,5.93E-4,40.4
2026/06/25 18:10:16,727.000,5.299E-4,1.12,5.93E-4,40.4
2026/06/25 18:10:17,728.000,0.000,1.12,0.00,40.4
2026/06/25 18:10:18,729.000,5.299E-4,1.12,5.93E-4,40.4
2026/06/25 18:10:19,730.000,5.299E-4,1.12,5.96E-4,40.3
2026/06/25 18:10:20,731.000,0.000,1.12,0.00,40.3
2026/06/25 18:10:21,732.000,5.299E-4,1.12,5.93E-4,40.3
2026/06/25 18:10:22,733.000,5.299E-4,1.12,5.96E-4,40.3
2026/06/25 18:10:23,734.000,5.299E-4,1.12,5.93E-4,40.3
2026/06/25 18:10:24,735.000,5.299E-4,1.12,5.93E-4,40.3
2026/06/25 18:10:25,736.000,0.000,1.12,0.00,40.3
2026/06/25 18:10:26,737.000,5.299E-4,1.12,5.93E-4,40.3
2026/06/25 18:10:27,738.000,5.299E-4,1.12,5.96E-4,40.3
2026/06/25 18:10:28,739.000,5.299E-4,1.12,5.96E-4,40.3
2026/06/25 18:10:29,740.000,5.299E-4,1.12,5.93E-4,40.3
2026/06/25 18:10:30,741.000,5.299E-4,1.12,5.96E-4,40.3
2026/06/25 18:10:31,742.000,5.299E-4,1.12,5.96E-4,40.3
2026/06/25 18:10:32,743.000,5.299E-4,1.12,5.96E-4,40.3
2026/06/25 18:10:33,744.000,5.299E-4,1.12,5.96E-4,40.3
2026/06/25 18:10:34,745.000,5.299E-4,1.12,5.96E-4,40.3
2026/06/25 18:10:35,746.000,5.299E-4,1.12,5.96E-4,40.2
2026/06/25 18:10:36,747.000,5.299E-4,1.12,5.96E-4,40.2
2026/06/25 18:10:37,748.000,0.000,1.12,0.00,40.2
2026/06/25 18:10:38,749.000,5.299E-4,1.12,5.96E-4,40.2
2026/06/25 18:10:39,750.000,5.299E-4,1.12,5.96E-4,40.2
2026/06/25 18:10:40,751.000,5.299E-4,1.13,5.99E-4,40.2
2026/06/25 18:10:41,752.000,5.299E-4,1.13,5.99E-4,40.2
2026/06/25 18:10:42,753.000,5.299E-4,1.13,5.99E-4,40.2
2026/06/25 18:10:43,754.000,5.299E-4,1.12,5.96E-4,40.2
2026/06/25 18:10:44,755.000,5.299E-4,1.13,5.99E-4,40.2
2026/06/25 18:10:45,756.000,5.299E-4,1.13,5.99E-4,40.2
2026/06/25 18:10:46,757.000,5.299E-4,1.13,5.99E-4,40.2
2026/06/25 18:10:47,758.000,5.299E-4,1.13,5.99E-4,40.2
2026/06/25 18:10:48,759.000,5.299E-4,1.13,5.99E-4,40.2
2026/06/25 18:10:49,760.000,5.299E-4,1.13,5.99E-4,40.2
2026/06/25 18:10:50,761.000,5.299E-4,1.13,5.99E-4,40.1
2026/06/25 18:10:51,762.000,5.299E-4,1.13,5.99E-4,40.1
2026/06/25 18:10:52,763.000,0.000,1.13,0.00,40.1
2026/06/25 18:10:53,764.000,5.299E-4,1.13,5.99E-4,40.1
2026/06/25 18:10:54,765.000,5.299E-4,1.14,6.02E-4,40.1
2026/06/25 18:10:55,766.000,5.299E-4,1.13,5.99E-4,40.1
2026/06/25 18:10:56,767.000,5.299E-4,1.14,6.02E-4,40.1
2026/06/25 18:10:57,768.000,5.299E-4,1.14,6.02E-4,40.1
2026/06/25 18:10:58,769.000,5.299E-4,1.14,6.02E-4,40.1
2026/06/25 18:10:59,770.000,5.299E-4,1.14,6.02E-4,40.1
2026/06/25 18:11:00,771.000,5.299E-4,1.14,6.02E-4,40.1
2026/06/25 18:11:01,772.000,5.299E-4,1.14,6.02E-4,40.0
2026/06/25 18:11:02,773.000,5.299E-4,1.14,6.02E-4,40.0
2026/06/25 18:11:03,774.000,0.000,1.14,0.00,40.0
2026/06/25 18:11:04,775.000,5.299E-4,1.14,6.02E-4,40.0
2026/06/25 18:11:05,776.000,5.299E-4,1.14,6.04E-4,40.0
2026/06/25 18:11:06,777.000,5.299E-4,1.14,6.04E-4,40.0
2026/06/25 18:11:07,778.000,5.299E-4,1.14,6.04E-4,40.0
2026/06/25 18:11:08,779.000,5.299E-4,1.14,6.04E-4,40.0
2026/06/25 18:11:09,780.000,5.299E-4,1.14,6.02E-4,40.0
2026/06/25 18:11:10,781.000,5.299E-4,1.14,6.04E-4,40.0
2026/06/25 18:11:11,782.000,5.299E-4,1.14,6.02E-4,40.0
2026/06/25 18:11:12,783.000,5.299E-4,1.14,6.02E-4,40.0
2026/06/25 18:11:13,784.000,5.299E-4,1.14,6.04E-4,40.0
2026/06/25 18:11:14,785.000,5.299E-4,1.14,6.04E-4,40.0
2026/06/25 18:11:15,786.000,5.299E-4,1.14,6.04E-4,40.0
2026/06/25 18:11:16,787.000,5.299E-4,1.14,6.04E-4,40.0
2026/06/25 18:11:17,788.000,5.299E-4,1.14,6.04E-4,40.0
2026/06/25 18:11:18,789.000,5.299E-4,1.14,6.04E-4,39.9
2026/06/25 18:11:19,790.000,5.299E-4,1.14,6.04E-4,39.9
2026/06/25 18:11:20,791.000,5.299E-4,1.15,6.07E-4,39.9
2026/06/25 18:11:21,792.000,5.299E-4,1.14,6.04E-4,39.9
2026/06/25 18:11:22,793.000,5.299E-4,1.14,6.04E-4,39.9
2026/06/25 18:11:23,794.000,5.299E-4,1.14,6.04E-4,39.9
2026/06/25 18:11:24,795.000,5.299E-4,1.14,6.04E-4,39.9
2026/06/25 18:11:25,796.000,5.299E-4,1.15,6.07E-4,39.9
2026/06/25 18:11:26,797.000,5.299E-4,1.14,6.04E-4,39.9
2026/06/25 18:11:27,798.000,5.299E-4,1.15,6.07E-4,39.9
2026/06/25 18:11:28,799.000,5.299E-4,1.15,6.07E-4,39.9
2026/06/25 18:11:29,800.000,5.299E-4,1.14,6.04E-4,39.9
2026/06/25 18:11:30,801.000,5.299E-4,1.15,6.07E-4,39.9
2026/06/25 18:11:31,802.000,5.299E-4,1.15,6.07E-4,39.9
2026/06/25 18:11:32,803.000,5.299E-4,1.15,6.07E-4,39.9
2026/06/25 18:11:33,804.000,5.299E-4,1.15,6.07E-4,39.8
2026/06/25 18:11:34,805.000,5.299E-4,1.15,6.07E-4,39.8
2026/06/25 18:11:35,806.000,5.299E-4,1.15,6.07E-4,39.8
2026/06/25 18:11:36,807.000,5.299E-4,1.15,6.07E-4,39.8
2026/06/25 18:11:37,808.000,5.299E-4,1.15,6.07E-4,39.8
2026/06/25 18:11:38,809.000,5.299E-4,1.15,6.07E-4,39.8
2026/06/25 18:11:39,810.000,5.299E-4,1.15,6.07E-4,39.8
2026/06/25 18:11:40,811.000,5.299E-4,1.15,6.07E-4,39.8
2026/06/25 18:11:41,812.000,5.299E-4,1.15,6.07E-4,39.8
2026/06/25 18:11:42,813.000,5.299E-4,1.15,6.07E-4,39.8
2026/06/25 18:11:43,814.000,5.299E-4,1.15,6.07E-4,39.8
2026/06/25 18:11:44,815.000,5.299E-4,1.15,6.07E-4,39.8
2026/06/25 18:11:45,816.000,5.299E-4,1.15,6.10E-4,39.8
2026/06/25 18:11:46,817.000,5.299E-4,1.15,6.10E-4,39.8
2026/06/25 18:11:47,818.000,5.299E-4,1.15,6.10E-4,39.8
2026/06/25 18:11:48,819.000,5.299E-4,1.15,6.10E-4,39.8
2026/06/25 18:11:49,820.000,5.299E-4,1.15,6.10E-4,39.8
2026/06/25 18:11:50,821.000,5.299E-4,1.15,6.10E-4,39.7
2026/06/25 18:11:51,822.000,5.299E-4,1.15,6.10E-4,39.7
2026/06/25 18:11:52,823.000,5.299E-4,1.15,6.10E-4,39.7
2026/06/25 18:11:53,824.000,5.299E-4,1.15,6.10E-4,39.7
2026/06/25 18:11:54,825.000,5.299E-4,1.15,6.10E-4,39.7
2026/06/25 18:11:55,826.000,5.299E-4,1.15,6.10E-4,39.7
2026/06/25 18:11:56,827.000,5.299E-4,1.16,6.13E-4,39.7
2026/06/25 18:11:57,828.000,5.299E-4,1.15,6.07E-4,39.7
2026/06/25 18:11:58,829.000,5.299E-4,1.15,6.10E-4,39.7
2026/06/25 18:11:59,830.000,0.000,1.16,0.00,39.7
2026/06/25 18:12:00,831.000,0.000,1.15,0.00,39.7
2026/06/25 18:12:01,832.000,5.299E-4,1.16,6.13E-4,39.7
2026/06/25 18:12:02,833.000,5.299E-4,1.16,6.13E-4,39.6
2026/06/25 18:12:03,834.000,5.299E-4,1.16,6.13E-4,39.6
2026/06/25 18:12:04,835.000,5.299E-4,1.16,6.16E-4,39.6
2026/06/25 18:12:05,836.000,5.299E-4,1.16,6.13E-4,39.6
2026/06/25 18:12:06,837.000,5.299E-4,1.16,6.13E-4,39.6
2026/06/25 18:12:07,838.000,5.299E-4,1.16,6.13E-4,39.6
2026/06/25 18:12:08,839.000,5.299E-4,1.16,6.13E-4,39.6
2026/06/25 18:12:09,840.000,5.299E-4,1.16,6.13E-4,39.6
2026/06/25 18:12:10,841.000,5.299E-4,1.16,6.13E-4,39.6
2026/06/25 18:12:11,842.000,5.299E-4,1.16,6.13E-4,39.6
2026/06/25 18:12:12,843.000,5.299E-4,1.16,6.13E-4,39.6
2026/06/25 18:12:13,844.000,5.299E-4,1.16,6.13E-4,39.6
2026/06/25 18:12:14,845.000,5.299E-4,1.16,6.13E-4,39.6
2026/06/25 18:12:15,846.000,0.000,1.16,0.00,39.6
2026/06/25 18:12:16,847.000,0.000,1.16,0.00,39.6
2026/06/25 18:12:17,848.000,5.299E-4,1.16,6.13E-4,39.6
2026/06/25 18:12:18,849.000,5.299E-4,1.16,6.13E-4,39.6
2026/06/25 18:12:19,850.000,5.299E-4,1.16,6.16E-4,39.6
2026/06/25 18:12:20,851.000,5.299E-4,1.16,6.13E-4,39.5
2026/06/25 18:12:21,852.000,5.299E-4,1.16,6.16E-4,39.5
2026/06/25 18:12:22,853.000,5.299E-4,1.16,6.16E-4,39.5
2026/06/25 18:12:23,854.000,5.299E-4,1.16,6.16E-4,39.5
2026/06/25 18:12:24,855.000,5.299E-4,1.16,6.16E-4,39.5
2026/06/25 18:12:25,856.000,5.299E-4,1.16,6.16E-4,39.5
2026/06/25 18:12:26,857.000,5.299E-4,1.16,6.16E-4,39.5
2026/06/25 18:12:27,858.000,5.299E-4,1.16,6.13E-4,39.5
2026/06/25 18:12:28,859.000,5.299E-4,1.16,6.16E-4,39.5
2026/06/25 18:12:29,860.000,5.299E-4,1.16,6.16E-4,39.5
2026/06/25 18:12:30,861.000,0.000,1.16,0.00,39.5
2026/06/25 18:12:31,862.000,5.299E-4,1.16,6.16E-4,39.5
2026/06/25 18:12:32,863.000,5.299E-4,1.16,6.16E-4,39.5
2026/06/25 18:12:33,864.000,5.299E-4,1.16,6.16E-4,39.5
2026/06/25 18:12:34,865.000,5.299E-4,1.16,6.16E-4,39.5
2026/06/25 18:12:35,866.000,5.299E-4,1.16,6.16E-4,39.5
2026/06/25 18:12:36,867.000,0.000,1.16,0.00,39.5
2026/06/25 18:12:37,868.000,5.299E-4,1.17,6.18E-4,39.4
2026/06/25 18:12:38,869.000,5.299E-4,1.16,6.16E-4,39.4
2026/06/25 18:12:39,870.000,5.299E-4,1.17,6.18E-4,39.4
2026/06/25 18:12:40,871.000,5.299E-4,1.17,6.18E-4,39.4
2026/06/25 18:12:41,872.000,5.299E-4,1.17,6.18E-4,39.4
2026/06/25 18:12:42,873.000,5.299E-4,1.17,6.18E-4,39.4
2026/06/25 18:12:43,874.000,0.000,1.17,0.00,39.4
2026/06/25 18:12:44,875.000,5.299E-4,1.17,6.18E-4,39.4
2026/06/25 18:12:45,876.000,5.299E-4,1.17,6.18E-4,39.4
2026/06/25 18:12:46,877.000,5.299E-4,1.16,6.16E-4,39.4
2026/06/25 18:12:47,878.000,0.001,1.17,0.00,39.4
2026/06/25 18:12:48,879.000,5.299E-4,1.16,6.16E-4,39.4
2026/06/25 18:12:49,880.000,0.000,1.17,0.00,39.4
2026/06/25 18:12:50,881.000,0.000,1.17,0.00,39.4
2026/06/25 18:12:51,882.000,5.299E-4,1.17,6.18E-4,39.4
2026/06/25 18:12:52,883.000,5.299E-4,1.17,6.21E-4,39.4
2026/06/25 18:12:53,884.000,5.299E-4,1.17,6.18E-4,39.4
2026/06/25 18:12:54,885.000,5.299E-4,1.17,6.18E-4,39.4
2026/06/25 18:12:55,886.000,5.299E-4,1.17,6.18E-4,39.4
2026/06/25 18:12:56,887.000,5.299E-4,1.17,6.21E-4,39.3
2026/06/25 18:12:57,888.000,0.001,1.17,0.00,39.3
2026/06/25 18:12:58,889.000,5.299E-4,1.17,6.21E-4,39.3
2026/06/25 18:12:59,890.000,5.299E-4,1.17,6.18E-4,39.3
2026/06/25 18:13:00,891.000,5.299E-4,1.17,6.21E-4,39.3
2026/06/25 18:13:01,892.000,5.299E-4,1.18,6.24E-4,39.3
2026/06/25 18:13:02,893.000,5.299E-4,1.17,6.21E-4,39.3
2026/06/25 18:13:03,894.000,5.299E-4,1.17,6.21E-4,39.3
2026/06/25 18:13:04,895.000,5.299E-4,1.17,6.21E-4,39.3
2026/06/25 18:13:05,896.000,0.000,1.17,0.00,39.3
2026/06/25 18:13:06,897.000,5.299E-4,1.17,6.21E-4,39.3
2026/06/25 18:13:07,898.000,0.000,1.17,0.00,39.3
2026/06/25 18:13:08,899.000,5.299E-4,1.17,6.21E-4,39.3
2026/06/25 18:13:09,900.000,0.000,1.17,0.00,39.2
2026/06/25 18:13:10,901.000,5.299E-4,1.17,6.21E-4,39.2
2026/06/25 18:13:11,902.000,5.299E-4,1.17,6.21E-4,39.2
2026/06/25 18:13:12,903.000,5.299E-4,1.18,6.24E-4,39.2
2026/06/25 18:13:13,904.000,5.299E-4,1.17,6.21E-4,39.2
2026/06/25 18:13:14,905.000,5.299E-4,1.17,6.21E-4,39.2
2026/06/25 18:13:15,906.000,5.299E-4,1.17,6.21E-4,39.2
2026/06/25 18:13:16,907.000,5.299E-4,1.17,6.21E-4,39.2
2026/06/25 18:13:17,908.000,5.299E-4,1.17,6.21E-4,39.2
2026/06/25 18:13:18,909.000,5.299E-4,1.17,6.21E-4,39.2
2026/06/25 18:13:19,910.000,5.299E-4,1.17,6.21E-4,39.2
2026/06/25 18:13:20,911.000,5.299E-4,1.17,6.21E-4,39.2
2026/06/25 18:13:21,912.000,5.299E-4,1.17,6.21E-4,39.2
2026/06/25 18:13:22,913.000,5.299E-4,1.17,6.21E-4,39.2
2026/06/25 18:13:23,914.000,5.299E-4,1.18,6.24E-4,39.2
2026/06/25 18:13:24,915.000,5.299E-4,1.18,6.24E-4,39.2
2026/06/25 18:13:25,916.000,5.299E-4,1.17,6.21E-4,39.2
2026/06/25 18:13:26,917.000,5.299E-4,1.18,6.24E-4,39.2
2026/06/25 18:13:27,918.000,0.000,1.18,0.00,39.1
2026/06/25 18:13:28,919.000,5.299E-4,1.18,6.24E-4,39.1
2026/06/25 18:13:29,920.000,5.299E-4,1.18,6.24E-4,39.1
2026/06/25 18:13:30,921.000,5.299E-4,1.18,6.27E-4,39.1
2026/06/25 18:13:31,922.000,5.299E-4,1.18,6.24E-4,39.1
2026/06/25 18:13:32,923.000,5.299E-4,1.18,6.24E-4,39.1
2026/06/25 18:13:33,924.000,5.299E-4,1.18,6.24E-4,39.1
2026/06/25 18:13:34,925.000,5.299E-4,1.18,6.24E-4,39.1
2026/06/25 18:13:35,926.000,5.299E-4,1.18,6.27E-4,39.1
2026/06/25 18:13:36,927.000,5.299E-4,1.18,6.24E-4,39.1
2026/06/25 18:13:37,928.000,5.299E-4,1.18,6.27E-4,39.1
2026/06/25 18:13:38,929.000,0.000,1.18,0.00,39.1
2026/06/25 18:13:39,930.000,5.299E-4,1.18,6.27E-4,39.1
2026/06/25 18:13:40,931.000,5.299E-4,1.18,6.27E-4,39.1
2026/06/25 18:13:41,932.000,5.299E-4,1.18,6.27E-4,39.1
2026/06/25 18:13:42,933.000,5.299E-4,1.18,6.27E-4,39.1
2026/06/25 18:13:43,934.000,5.299E-4,1.18,6.24E-4,39.1
2026/06/25 18:13:44,935.000,5.299E-4,1.18,6.27E-4,39.0
2026/06/25 18:13:45,936.000,5.299E-4,1.18,6.24E-4,39.0
2026/06/25 18:13:46,937.000,5.299E-4,1.18,6.27E-4,39.0
2026/06/25 18:13:47,938.000,5.299E-4,1.18,6.24E-4,39.0
2026/06/25 18:13:48,939.000,5.299E-4,1.18,6.27E-4,39.0
2026/06/25 18:13:49,940.000,0.000,1.18,0.00,39.0
2026/06/25 18:13:50,941.000,5.299E-4,1.18,6.27E-4,39.0
2026/06/25 18:13:51,942.000,5.299E-4,1.18,6.27E-4,39.0
2026/06/25 18:13:52,943.000,5.299E-4,1.19,6.29E-4,39.0
2026/06/25 18:13:53,944.000,0.000,1.18,0.00,39.0
2026/06/25 18:13:54,945.000,5.299E-4,1.18,6.27E-4,39.0
2026/06/25 18:13:55,946.000,0.000,1.18,0.00,39.0
2026/06/25 18:13:56,947.000,5.299E-4,1.19,6.29E-4,39.0
2026/06/25 18:13:57,948.000,5.299E-4,1.19,6.29E-4,39.0
2026/06/25 18:13:58,949.000,5.299E-4,1.19,6.29E-4,39.0
2026/06/25 18:13:59,950.000,5.299E-4,1.18,6.27E-4,39.0
2026/06/25 18:14:00,951.000,5.299E-4,1.18,6.27E-4,39.0
2026/06/25 18:14:01,952.000,5.299E-4,1.18,6.27E-4,39.0
2026/06/25 18:14:02,953.000,5.299E-4,1.19,6.29E-4,39.0
2026/06/25 18:14:03,954.000,5.299E-4,1.19,6.29E-4,39.0
2026/06/25 18:14:04,955.000,5.299E-4,1.19,6.29E-4,39.0
2026/06/25 18:14:05,956.000,5.299E-4,1.19,6.29E-4,38.9
2026/06/25 18:14:06,957.000,5.299E-4,1.19,6.29E-4,38.9
2026/06/25 18:14:07,958.000,5.299E-4,1.19,6.29E-4,38.9
2026/06/25 18:14:08,959.000,5.299E-4,1.19,6.29E-4,38.9
2026/06/25 18:14:09,960.000,5.299E-4,1.19,6.29E-4,38.9
2026/06/25 18:14:10,961.000,5.299E-4,1.19,6.32E-4,38.9
2026/06/25 18:14:11,962.000,5.299E-4,1.18,6.27E-4,38.9
2026/06/25 18:14:12,963.000,5.299E-4,1.19,6.29E-4,38.9
2026/06/25 18:14:13,964.000,5.299E-4,1.19,6.29E-4,38.9
2026/06/25 18:14:14,965.000,5.299E-4,1.19,6.29E-4,38.9
2026/06/25 18:14:15,966.000,5.299E-4,1.19,6.29E-4,38.9
2026/06/25 18:14:16,967.000,5.299E-4,1.19,6.32E-4,38.9
2026/06/25 18:14:17,968.000,5.299E-4,1.19,6.29E-4,38.9
2026/06/25 18:14:18,969.000,5.299E-4,1.19,6.29E-4,38.9
2026/06/25 18:14:19,970.000,5.299E-4,1.19,6.29E-4,38.9
2026/06/25 18:14:20,971.000,5.299E-4,1.19,6.29E-4,38.9
2026/06/25 18:14:21,972.000,5.299E-4,1.18,6.27E-4,38.9
2026/06/25 18:14:22,973.000,5.299E-4,1.19,6.29E-4,38.9
2026/06/25 18:14:23,974.000,5.299E-4,1.19,6.29E-4,38.9
2026/06/25 18:14:24,975.000,5.299E-4,1.19,6.32E-4,38.8
2026/06/25 18:14:25,976.000,0.000,1.19,0.00,38.8
2026/06/25 18:14:26,977.000,5.299E-4,1.19,6.32E-4,38.8
2026/06/25 18:14:27,978.000,5.299E-4,1.19,6.32E-4,38.8
2026/06/25 18:14:28,979.000,5.299E-4,1.19,6.32E-4,38.8
2026/06/25 18:14:29,980.000,5.299E-4,1.19,6.32E-4,38.8
2026/06/25 18:14:30,981.000,5.299E-4,1.19,6.32E-4,38.8
2026/06/25 18:14:31,982.000,5.299E-4,1.19,6.29E-4,38.8
2026/06/25 18:14:32,983.000,5.299E-4,1.19,6.32E-4,38.8
2026/06/25 18:14:33,984.000,5.299E-4,1.19,6.32E-4,38.8
2026/06/25 18:14:34,985.000,5.299E-4,1.19,6.32E-4,38.8
2026/06/25 18:14:35,986.000,5.299E-4,1.19,6.32E-4,38.8
2026/06/25 18:14:36,987.000,5.299E-4,1.20,6.35E-4,38.8
2026/06/25 18:14:37,988.000,5.299E-4,1.20,6.35E-4,38.8
2026/06/25 18:14:38,989.000,5.299E-4,1.19,6.32E-4,38.7
2026/06/25 18:14:39,990.000,5.299E-4,1.19,6.32E-4,38.7
2026/06/25 18:14:40,991.000,5.299E-4,1.19,6.32E-4,38.7
2026/06/25 18:14:41,992.000,5.299E-4,1.19,6.32E-4,38.7
2026/06/25 18:14:42,993.000,5.299E-4,1.19,6.32E-4,38.7
2026/06/25 18:14:43,994.000,5.299E-4,1.20,6.35E-4,38.7
2026/06/25 18:14:44,995.000,5.299E-4,1.19,6.29E-4,38.7
2026/06/25 18:14:45,996.000,5.299E-4,1.19,6.32E-4,38.7
2026/06/25 18:14:46,997.000,5.299E-4,1.20,6.35E-4,38.7
2026/06/25 18:14:47,998.000,5.299E-4,1.19,6.32E-4,38.7
2026/06/25 18:14:48,999.000,5.299E-4,1.20,6.35E-4,38.7
2026/06/25 18:14:49,1000.000,5.299E-4,1.20,6.35E-4,38.7
2026/06/25 18:14:50,1001.000,5.299E-4,1.19,6.32E-4,38.7
2026/06/25 18:14:51,1002.000,5.299E-4,1.19,6.32E-4,38.7
2026/06/25 18:14:52,1003.000,0.000,1.19,0.00,38.6
2026/06/25 18:14:53,1004.000,0.000,1.19,0.00,38.6
2026/06/25 18:14:54,1005.000,5.299E-4,1.20,6.35E-4,38.6
2026/06/25 18:14:55,1006.000,0.000,1.20,0.00,38.6
2026/06/25 18:14:56,1007.000,0.000,1.20,0.00,38.6
2026/06/25 18:14:57,1008.000,0.000,1.20,0.00,38.6
2026/06/25 18:14:58,1009.000,5.299E-4,1.20,6.35E-4,38.6
2026/06/25 18:14:59,1010.000,5.299E-4,1.20,6.35E-4,38.6
2026/06/25 18:15:00,1011.000,5.299E-4,1.20,6.38E-4,38.6
2026/06/25 18:15:01,1012.000,5.299E-4,1.20,6.35E-4,38.6
2026/06/25 18:15:02,1013.000,5.299E-4,1.20,6.35E-4,38.6
2026/06/25 18:15:03,1014.000,0.000,1.20,0.00,38.6
2026/06/25 18:15:04,1015.000,5.299E-4,1.20,6.35E-4,38.6
2026/06/25 18:15:05,1016.000,5.299E-4,1.20,6.38E-4,38.6
2026/06/25 18:15:06,1017.000,5.299E-4,1.20,6.38E-4,38.6
2026/06/25 18:15:07,1018.000,5.299E-4,1.20,6.38E-4,38.6
2026/06/25 18:15:08,1019.000,5.299E-4,1.20,6.38E-4,38.6
2026/06/25 18:15:09,1020.000,5.299E-4,1.20,6.38E-4,38.6
2026/06/25 18:15:10,1021.000,5.299E-4,1.20,6.35E-4,38.6
2026/06/25 18:15:11,1022.000,5.299E-4,1.20,6.38E-4,38.6
2026/06/25 18:15:12,1023.000,5.299E-4,1.20,6.35E-4,38.6
2026/06/25 18:15:13,1024.000,5.299E-4,1.20,6.35E-4,38.6
2026/06/25 18:15:14,1025.000,5.299E-4,1.20,6.35E-4,38.5
2026/06/25 18:15:15,1026.000,5.299E-4,1.20,6.35E-4,38.5
2026/06/25 18:15:16,1027.000,5.299E-4,1.20,6.35E-4,38.5
2026/06/25 18:15:17,1028.000,5.299E-4,1.20,6.35E-4,38.5
2026/06/25 18:15:18,1029.000,5.299E-4,1.20,6.35E-4,38.5
2026/06/25 18:15:19,1030.000,0.000,1.20,0.00,38.5
2026/06/25 18:15:20,1031.000,5.299E-4,1.20,6.38E-4,38.5
2026/06/25 18:15:21,1032.000,5.299E-4,1.20,6.38E-4,38.5
2026/06/25 18:15:22,1033.000,0.000,1.20,0.00,38.5
2026/06/25 18:15:23,1034.000,5.299E-4,1.20,6.38E-4,38.5
2026/06/25 18:15:24,1035.000,5.299E-4,1.20,6.38E-4,38.5
2026/06/25 18:15:25,1036.000,5.299E-4,1.20,6.38E-4,38.5
2026/06/25 18:15:26,1037.000,5.299E-4,1.21,6.40E-4,38.5
2026/06/25 18:15:27,1038.000,0.000,1.20,0.00,38.5
2026/06/25 18:15:28,1039.000,5.299E-4,1.21,6.40E-4,38.5
2026/06/25 18:15:29,1040.000,5.299E-4,1.20,6.38E-4,38.5
2026/06/25 18:15:30,1041.000,5.299E-4,1.20,6.38E-4,38.5
2026/06/25 18:15:31,1042.000,5.299E-4,1.20,6.38E-4,38.5
2026/06/25 18:15:32,1043.000,5.299E-4,1.20,6.38E-4,38.5
2026/06/25 18:15:33,1044.000,5.299E-4,1.20,6.38E-4,38.5
2026/06/25 18:15:34,1045.000,5.299E-4,1.20,6.38E-4,38.4
2026/06/25 18:15:35,1046.000,5.299E-4,1.20,6.38E-4,38.4
2026/06/25 18:15:36,1047.000,5.299E-4,1.20,6.38E-4,38.4
2026/06/25 18:15:37,1048.000,5.299E-4,1.20,6.38E-4,38.4
2026/06/25 18:15:38,1049.000,5.299E-4,1.20,6.38E-4,38.4
2026/06/25 18:15:39,1050.000,5.299E-4,1.21,6.40E-4,38.4
2026/06/25 18:15:40,1051.000,5.299E-4,1.20,6.38E-4,38.4
2026/06/25 18:15:41,1052.000,5.299E-4,1.21,6.40E-4,38.4
2026/06/25 18:15:42,1053.000,5.299E-4,1.21,6.40E-4,38.4
2026/06/25 18:15:43,1054.000,5.299E-4,1.21,6.40E-4,38.4
2026/06/25 18:15:44,1055.000,5.299E-4,1.21,6.40E-4,38.4
2026/06/25 18:15:45,1056.000,5.299E-4,1.20,6.38E-4,38.4
2026/06/25 18:15:46,1057.000,5.299E-4,1.20,6.38E-4,38.4
2026/06/25 18:15:47,1058.000,5.299E-4,1.21,6.40E-4,38.4
2026/06/25 18:15:48,1059.000,5.299E-4,1.20,6.38E-4,38.4
2026/06/25 18:15:49,1060.000,5.299E-4,1.20,6.38E-4,38.4
2026/06/25 18:15:50,1061.000,0.000,1.20,0.00,38.4
2026/06/25 18:15:51,1062.000,0.000,1.21,0.00,38.4
2026/06/25 18:15:52,1063.000,5.299E-4,1.21,6.40E-4,38.4
2026/06/25 18:15:53,1064.000,5.299E-4,1.21,6.40E-4,38.4
2026/06/25 18:15:54,1065.000,5.299E-4,1.21,6.40E-4,38.4
2026/06/25 18:15:55,1066.000,5.299E-4,1.21,6.40E-4,38.4
2026/06/25 18:15:56,1067.000,5.299E-4,1.21,6.40E-4,38.3
2026/06/25 18:15:57,1068.000,5.299E-4,1.21,6.40E-4,38.3
2026/06/25 18:15:58,1069.000,5.299E-4,1.21,6.43E-4,38.3
2026/06/25 18:15:59,1070.000,5.299E-4,1.21,6.40E-4,38.3
2026/06/25 18:16:00,1071.000,5.299E-4,1.21,6.40E-4,38.3
2026/06/25 18:16:01,1072.000,5.299E-4,1.21,6.40E-4,38.3
2026/06/25 18:16:02,1073.000,5.299E-4,1.21,6.40E-4,38.3
2026/06/25 18:16:03,1074.000,0.000,1.21,0.00,38.3
2026/06/25 18:16:04,1075.000,5.299E-4,1.21,6.43E-4,38.3
2026/06/25 18:16:05,1076.000,5.299E-4,1.21,6.43E-4,38.3
2026/06/25 18:16:06,1077.000,5.299E-4,1.21,6.40E-4,38.3
2026/06/25 18:16:07,1078.000,5.299E-4,1.21,6.40E-4,38.3
2026/06/25 18:16:08,1079.000,5.299E-4,1.21,6.40E-4,38.3
2026/06/25 18:16:09,1080.000,5.299E-4,1.21,6.43E-4,38.3
2026/06/25 18:16:10,1081.000,5.299E-4,1.21,6.43E-4,38.3
2026/06/25 18:16:11,1082.000,5.299E-4,1.21,6.43E-4,38.3
2026/06/25 18:16:12,1083.000,5.299E-4,1.21,6.43E-4,38.2
2026/06/25 18:16:13,1084.000,5.299E-4,1.21,6.43E-4,38.2
2026/06/25 18:16:14,1085.000,5.299E-4,1.21,6.43E-4,38.2
2026/06/25 18:16:15,1086.000,0.000,1.21,0.00,38.2
2026/06/25 18:16:16,1087.000,5.299E-4,1.21,6.43E-4,38.2
2026/06/25 18:16:17,1088.000,0.000,1.21,0.00,38.2
2026/06/25 18:16:18,1089.000,5.299E-4,1.21,6.40E-4,38.2
2026/06/25 18:16:19,1090.000,5.299E-4,1.21,6.43E-4,38.2
2026/06/25 18:16:20,1091.000,0.000,1.21,0.00,38.2
2026/06/25 18:16:21,1092.000,5.299E-4,1.21,6.43E-4,38.2
2026/06/25 18:16:22,1093.000,5.299E-4,1.21,6.43E-4,38.2
2026/06/25 18:16:23,1094.000,5.299E-4,1.21,6.43E-4,38.2
2026/06/25 18:16:24,1095.000,0.000,1.21,0.00,38.2
2026/06/25 18:16:25,1096.000,0.000,1.21,0.00,38.2
2026/06/25 18:16:26,1097.000,5.299E-4,1.21,6.43E-4,38.2
2026/06/25 18:16:27,1098.000,5.299E-4,1.21,6.43E-4,38.2
2026/06/25 18:16:28,1099.000,5.299E-4,1.21,6.43E-4,38.2
2026/06/25 18:16:29,1100.000,0.000,1.21,0.00,38.2
2026/06/25 18:16:30,1101.000,5.299E-4,1.21,6.43E-4,38.2
2026/06/25 18:16:31,1102.000,5.299E-4,1.21,6.43E-4,38.2
2026/06/25 18:16:32,1103.000,5.299E-4,1.21,6.43E-4,38.2
2026/06/25 18:16:33,1104.000,5.299E-4,1.21,6.43E-4,38.2
2026/06/25 18:16:34,1105.000,5.299E-4,1.21,6.43E-4,38.2
2026/06/25 18:16:35,1106.000,5.299E-4,1.22,6.46E-4,38.1
2026/06/25 18:16:36,1107.000,5.299E-4,1.21,6.43E-4,38.1
2026/06/25 18:16:37,1108.000,5.299E-4,1.21,6.43E-4,38.1
2026/06/25 18:16:38,1109.000,5.299E-4,1.22,6.46E-4,38.1
2026/06/25 18:16:39,1110.000,5.299E-4,1.22,6.46E-4,38.1
2026/06/25 18:16:40,1111.000,5.299E-4,1.21,6.43E-4,38.1
2026/06/25 18:16:41,1112.000,5.299E-4,1.22,6.46E-4,38.1
2026/06/25 18:16:42,1113.000,5.299E-4,1.22,6.46E-4,38.1
2026/06/25 18:16:43,1114.000,5.299E-4,1.22,6.46E-4,38.1
2026/06/25 18:16:44,1115.000,5.299E-4,1.22,6.46E-4,38.1
2026/06/25 18:16:45,1116.000,5.299E-4,1.22,6.46E-4,38.1
2026/06/25 18:16:46,1117.000,5.299E-4,1.22,6.46E-4,38.1
2026/06/25 18:16:47,1118.000,5.299E-4,1.21,6.43E-4,38.1
2026/06/25 18:16:48,1119.000,0.000,1.22,0.00,38.1
2026/06/25 18:16:49,1120.000,5.299E-4,1.22,6.46E-4,38.1
2026/06/25 18:16:50,1121.000,5.299E-4,1.21,6.43E-4,38.1
2026/06/25 18:16:51,1122.000,5.299E-4,1.21,6.43E-4,38.1
2026/06/25 18:16:52,1123.000,5.299E-4,1.22,6.46E-4,38.1
2026/06/25 18:16:53,1124.000,5.299E-4,1.22,6.46E-4,38.1
2026/06/25 18:16:54,1125.000,5.299E-4,1.22,6.46E-4,38.1
2026/06/25 18:16:55,1126.000,5.299E-4,1.22,6.46E-4,38.1
2026/06/25 18:16:56,1127.000,5.299E-4,1.22,6.49E-4,38.1
2026/06/25 18:16:57,1128.000,5.299E-4,1.22,6.46E-4,38.0
2026/06/25 18:16:58,1129.000,5.299E-4,1.22,6.46E-4,38.0
2026/06/25 18:16:59,1130.000,5.299E-4,1.22,6.46E-4,38.0
2026/06/25 18:17:00,1131.000,5.299E-4,1.22,6.46E-4,38.0
2026/06/25 18:17:01,1132.000,5.299E-4,1.22,6.46E-4,38.0
2026/06/25 18:17:02,1133.000,5.299E-4,1.22,6.49E-4,38.0
2026/06/25 18:17:03,1134.000,5.299E-4,1.22,6.49E-4,38.0
2026/06/25 18:17:04,1135.000,5.299E-4,1.22,6.46E-4,38.0
2026/06/25 18:17:05,1136.000,5.299E-4,1.22,6.49E-4,38.0
2026/06/25 18:17:06,1137.000,5.299E-4,1.22,6.46E-4,38.0
2026/06/25 18:17:07,1138.000,5.299E-4,1.22,6.49E-4,38.0
2026/06/25 18:17:08,1139.000,5.299E-4,1.22,6.49E-4,38.0
2026/06/25 18:17:09,1140.000,5.299E-4,1.22,6.49E-4,38.0
2026/06/25 18:17:10,1141.000,5.299E-4,1.22,6.49E-4,38.0
2026/06/25 18:17:11,1142.000,5.299E-4,1.22,6.46E-4,38.0
2026/06/25 18:17:12,1143.000,5.299E-4,1.22,6.49E-4,38.0
2026/06/25 18:17:13,1144.000,5.299E-4,1.22,6.49E-4,38.0
2026/06/25 18:17:14,1145.000,0.000,1.22,0.00,38.0
2026/06/25 18:17:15,1146.000,5.299E-4,1.22,6.46E-4,38.0
2026/06/25 18:17:16,1147.000,0.000,1.22,0.00,38.0
2026/06/25 18:17:17,1148.000,5.299E-4,1.22,6.49E-4,38.0
2026/06/25 18:17:18,1149.000,5.299E-4,1.23,6.51E-4,38.0
2026/06/25 18:17:19,1150.000,5.299E-4,1.22,6.49E-4,37.9
2026/06/25 18:17:20,1151.000,5.299E-4,1.22,6.49E-4,37.9
2026/06/25 18:17:21,1152.000,5.299E-4,1.22,6.49E-4,37.9
2026/06/25 18:17:22,1153.000,5.299E-4,1.22,6.49E-4,37.9
2026/06/25 18:17:23,1154.000,5.299E-4,1.22,6.46E-4,37.9
2026/06/25 18:17:24,1155.000,5.299E-4,1.22,6.49E-4,37.9
2026/06/25 18:17:25,1156.000,5.299E-4,1.23,6.51E-4,37.9
2026/06/25 18:17:26,1157.000,5.299E-4,1.22,6.49E-4,37.9
2026/06/25 18:17:27,1158.000,5.299E-4,1.22,6.49E-4,37.9
2026/06/25 18:17:28,1159.000,5.299E-4,1.22,6.49E-4,37.9
2026/06/25 18:17:29,1160.000,5.299E-4,1.23,6.51E-4,37.9
2026/06/25 18:17:30,1161.000,5.299E-4,1.23,6.51E-4,37.9
2026/06/25 18:17:31,1162.000,0.000,1.22,0.00,37.9
2026/06/25 18:17:32,1163.000,5.299E-4,1.22,6.49E-4,37.9
2026/06/25 18:17:33,1164.000,5.299E-4,1.22,6.49E-4,37.9
2026/06/25 18:17:34,1165.000,5.299E-4,1.23,6.51E-4,37.9
2026/06/25 18:17:35,1166.000,5.299E-4,1.23,6.51E-4,37.9
2026/06/25 18:17:36,1167.000,0.000,1.23,0.00,37.9
2026/06/25 18:17:37,1168.000,5.299E-4,1.22,6.49E-4,37.9
2026/06/25 18:17:38,1169.000,5.299E-4,1.23,6.51E-4,37.9
2026/06/25 18:17:39,1170.000,5.299E-4,1.23,6.51E-4,37.9
2026/06/25 18:17:40,1171.000,5.299E-4,1.23,6.51E-4,37.9
2026/06/25 18:17:41,1172.000,5.299E-4,1.23,6.51E-4,37.9
2026/06/25 18:17:42,1173.000,5.299E-4,1.23,6.51E-4,37.9
2026/06/25 18:17:43,1174.000,5.299E-4,1.23,6.51E-4,37.9
2026/06/25 18:17:44,1175.000,5.299E-4,1.23,6.51E-4,37.9
2026/06/25 18:17:45,1176.000,0.000,1.23,0.00,37.8
2026/06/25 18:17:46,1177.000,5.299E-4,1.23,6.51E-4,37.8
2026/06/25 18:17:47,1178.000,5.299E-4,1.23,6.51E-4,37.8
2026/06/25 18:17:48,1179.000,5.299E-4,1.23,6.51E-4,37.8
2026/06/25 18:17:49,1180.000,5.299E-4,1.23,6.51E-4,37.8
2026/06/25 18:17:50,1181.000,5.299E-4,1.23,6.51E-4,37.8
2026/06/25 18:17:51,1182.000,5.299E-4,1.23,6.51E-4,37.8
2026/06/25 18:17:52,1183.000,5.299E-4,1.23,6.51E-4,37.8
2026/06/25 18:17:53,1184.000,5.299E-4,1.23,6.51E-4,37.8
2026/06/25 18:17:54,1185.000,5.299E-4,1.23,6.51E-4,37.8
2026/06/25 18:17:55,1186.000,0.000,1.23,0.00,37.8
2026/06/25 18:17:56,1187.000,0.000,1.23,0.00,37.8
2026/06/25 18:17:57,1188.000,0.000,1.23,0.00,37.8
2026/06/25 18:17:58,1189.000,5.299E-4,1.23,6.54E-4,37.8
2026/06/25 18:17:59,1190.000,5.299E-4,1.23,6.51E-4,37.8
2026/06/25 18:18:00,1191.000,5.299E-4,1.22,6.49E-4,37.8
2026/06/25 18:18:01,1192.000,5.299E-4,1.23,6.51E-4,37.8
2026/06/25 18:18:02,1193.000,5.299E-4,1.23,6.51E-4,37.8
2026/06/25 18:18:03,1194.000,5.299E-4,1.23,6.51E-4,37.8
2026/06/25 18:18:04,1195.000,5.299E-4,1.23,6.51E-4,37.8
2026/06/25 18:18:05,1196.000,5.299E-4,1.23,6.51E-4,37.8
2026/06/25 18:18:06,1197.000,5.299E-4,1.23,6.54E-4,37.8
2026/06/25 18:18:07,1198.000,5.299E-4,1.23,6.51E-4,37.8
2026/06/25 18:18:08,1199.000,5.299E-4,1.23,6.51E-4,37.8
2026/06/25 18:18:09,1200.000,5.299E-4,1.23,6.51E-4,37.8
2026/06/25 18:18:10,1201.000,5.299E-4,1.23,6.54E-4,37.7
2026/06/25 18:18:11,1202.000,5.299E-4,1.23,6.51E-4,37.7
2026/06/25 18:18:12,1203.000,5.299E-4,1.23,6.51E-4,37.7
2026/06/25 18:18:13,1204.000,5.299E-4,1.23,6.54E-4,37.7
2026/06/25 18:18:14,1205.000,5.299E-4,1.23,6.54E-4,37.7
2026/06/25 18:18:15,1206.000,5.299E-4,1.23,6.54E-4,37.7
2026/06/25 18:18:16,1207.000,5.299E-4,1.23,6.54E-4,37.7
2026/06/25 18:18:17,1208.000,0.000,1.23,0.00,37.7
2026/06/25 18:18:18,1209.000,5.299E-4,1.23,6.51E-4,37.7
2026/06/25 18:18:19,1210.000,5.299E-4,1.23,6.51E-4,37.7
2026/06/25 18:18:20,1211.000,5.299E-4,1.23,6.54E-4,37.7
2026/06/25 18:18:21,1212.000,5.299E-4,1.23,6.54E-4,37.7
2026/06/25 18:18:22,1213.000,5.299E-4,1.23,6.54E-4,37.7
2026/06/25 18:18:23,1214.000,5.299E-4,1.23,6.54E-4,37.7
2026/06/25 18:18:24,1215.000,5.299E-4,1.23,6.54E-4,37.7
2026/06/25 18:18:25,1216.000,5.299E-4,1.23,6.54E-4,37.7
2026/06/25 18:18:26,1217.000,5.299E-4,1.23,6.54E-4,37.7
2026/06/25 18:18:27,1218.000,5.299E-4,1.23,6.54E-4,37.7
2026/06/25 18:18:28,1219.000,0.000,1.23,0.00,37.7
2026/06/25 18:18:29,1220.000,5.299E-4,1.23,6.54E-4,37.7
2026/06/25 18:18:30,1221.000,5.299E-4,1.23,6.54E-4,37.7
2026/06/25 18:18:31,1222.000,5.299E-4,1.24,6.57E-4,37.7
2026/06/25 18:18:32,1223.000,5.299E-4,1.23,6.54E-4,37.7
2026/06/25 18:18:33,1224.000,5.299E-4,1.24,6.57E-4,37.7
2026/06/25 18:18:34,1225.000,5.299E-4,1.24,6.57E-4,37.7
2026/06/25 18:18:35,1226.000,5.299E-4,1.23,6.54E-4,37.6
2026/06/25 18:18:36,1227.000,5.299E-4,1.23,6.54E-4,37.6
2026/06/25 18:18:37,1228.000,5.299E-4,1.23,6.54E-4,37.6
2026/06/25 18:18:38,1229.000,5.299E-4,1.24,6.57E-4,37.6
2026/06/25 18:18:39,1230.000,5.299E-4,1.24,6.57E-4,37.6
2026/06/25 18:18:40,1231.000,5.299E-4,1.23,6.54E-4,37.6
2026/06/25 18:18:41,1232.000,5.299E-4,1.24,6.57E-4,37.6
2026/06/25 18:18:42,1233.000,5.299E-4,1.24,6.57E-4,37.6
2026/06/25 18:18:43,1234.000,0.000,1.24,0.00,37.6
2026/06/25 18:18:44,1235.000,5.299E-4,1.23,6.54E-4,37.6
2026/06/25 18:18:45,1236.000,5.299E-4,1.23,6.54E-4,37.6
2026/06/25 18:18:46,1237.000,5.299E-4,1.23,6.54E-4,37.6
2026/06/25 18:18:47,1238.000,5.299E-4,1.24,6.57E-4,37.6
2026/06/25 18:18:48,1239.000,5.299E-4,1.23,6.54E-4,37.6
2026/06/25 18:18:49,1240.000,5.299E-4,1.23,6.54E-4,37.6
2026/06/25 18:18:50,1241.000,5.299E-4,1.24,6.57E-4,37.6
2026/06/25 18:18:51,1242.000,0.000,1.23,0.00,37.6
2026/06/25 18:18:52,1243.000,5.299E-4,1.24,6.57E-4,37.6
2026/06/25 18:18:53,1244.000,5.299E-4,1.24,6.57E-4,37.6
2026/06/25 18:18:54,1245.000,5.299E-4,1.24,6.57E-4,37.6
2026/06/25 18:18:55,1246.000,5.299E-4,1.24,6.57E-4,37.6
2026/06/25 18:18:56,1247.000,5.299E-4,1.24,6.57E-4,37.6
2026/06/25 18:18:57,1248.000,5.299E-4,1.24,6.57E-4,37.6
2026/06/25 18:18:58,1249.000,5.299E-4,1.24,6.57E-4,37.6
2026/06/25 18:18:59,1250.000,0.000,1.24,0.00,37.6
2026/06/25 18:19:00,1251.000,5.299E-4,1.24,6.60E-4,37.5
2026/06/25 18:19:01,1252.000,5.299E-4,1.24,6.57E-4,37.5
2026/06/25 18:19:02,1253.000,5.299E-4,1.24,6.57E-4,37.5
2026/06/25 18:19:03,1254.000,5.299E-4,1.24,6.57E-4,37.5
2026/06/25 18:19:04,1255.000,5.299E-4,1.24,6.57E-4,37.5
2026/06/25 18:19:05,1256.000,5.299E-4,1.24,6.57E-4,37.5
2026/06/25 18:19:06,1257.000,5.299E-4,1.24,6.57E-4,37.5
2026/06/25 18:19:07,1258.000,5.299E-4,1.24,6.60E-4,37.5
2026/06/25 18:19:08,1259.000,5.299E-4,1.24,6.57E-4,37.5
2026/06/25 18:19:09,1260.000,5.299E-4,1.24,6.57E-4,37.5
2026/06/25 18:19:10,1261.000,5.299E-4,1.24,6.60E-4,37.5
2026/06/25 18:19:11,1262.000,5.299E-4,1.24,6.57E-4,37.5
2026/06/25 18:19:12,1263.000,5.299E-4,1.24,6.57E-4,37.5
2026/06/25 18:19:13,1264.000,5.299E-4,1.24,6.60E-4,37.5
2026/06/25 18:19:14,1265.000,5.299E-4,1.24,6.57E-4,37.5
2026/06/25 18:19:15,1266.000,5.299E-4,1.24,6.57E-4,37.5
2026/06/25 18:19:16,1267.000,5.299E-4,1.24,6.57E-4,37.5
2026/06/25 18:19:17,1268.000,5.299E-4,1.24,6.60E-4,37.5
2026/06/25 18:19:18,1269.000,5.299E-4,1.24,6.60E-4,37.5
2026/06/25 18:19:19,1270.000,5.299E-4,1.24,6.60E-4,37.5
2026/06/25 18:19:20,1271.000,5.299E-4,1.24,6.60E-4,37.5
2026/06/25 18:19:21,1272.000,5.299E-4,1.24,6.57E-4,37.4
2026/06/25 18:19:22,1273.000,5.299E-4,1.24,6.60E-4,37.4
2026/06/25 18:19:23,1274.000,0.001,1.24,0.00,37.4
2026/06/25 18:19:24,1275.000,5.299E-4,1.24,6.60E-4,37.4
2026/06/25 18:19:25,1276.000,5.299E-4,1.24,6.60E-4,37.4
2026/06/25 18:19:26,1277.000,0.000,1.24,0.00,37.4
2026/06/25 18:19:27,1278.000,5.299E-4,1.24,6.60E-4,37.4
